{
    "params": {
        "states": 3,
        "symbols": 5,
        "epochs": 10,
        "epoch_size": 500,
        "batch_size": 200,
        "seq_len": 20,
        "pop_size": 25,
        "gens": 30,
        "offspring_prop": 1.0,
        "cx_prob": 0.0,
        "mut_prob": 1.0,
        "mut_rate": 0.6,
        "_pool_size": 4
    },
    "mean_fitnesses": [
        [
            0.8598019981384277,
            0.8037999892234802,
            0.7772000002861023,
            0.7044000053405761,
            0.6693999981880188,
            0.654599997997284,
            0.6716000056266784,
            0.6704000020027161,
            0.6469999933242798,
            0.6662000012397766,
            0.6453999996185302,
            0.623800003528595,
            0.6071999943256379,
            0.5927999997138977,
            0.5764000034332275,
            0.5612000060081482,
            0.6048000025749206,
            0.5580000019073487,
            0.5859999942779541,
            0.5811999869346619,
            0.5976000046730041,
            0.5605999994277954,
            0.5709999907016754,
            0.568000009059906,
            0.578800003528595,
            0.5575999927520752,
            0.5444000053405762,
            0.5761999928951264,
            0.5789999961853027,
            0.5779999995231628,
            0.5823999977111817
        ],
        [
            0.7501373243331909,
            0.7177999949455262,
            0.6813999962806702,
            0.6747999858856201,
            0.6671999979019165,
            0.6273999953269959,
            0.6624000048637391,
            0.6253999996185303,
            0.6092000102996826,
            0.6323999977111816,
            0.5810000014305114,
            0.5803999996185303,
            0.5802000021934509,
            0.5969999980926514,
            0.5748000061511993,
            0.5993999910354614,
            0.599599996805191,
            0.5925999891757965,
            0.5621999967098236,
            0.542599995136261,
            0.5625999879837036,
            0.5483999979496003,
            0.5925999927520752,
            0.5782000005245209,
            0.5964000010490418,
            0.5703999936580658,
            0.5510000026226044,
            0.5704000043869019,
            0.5930000042915344,
            0.585400002002716,
            0.6002000069618225
        ],
        [
            0.8138794422149658,
            0.8065999913215637,
            0.7806000065803528,
            0.7571999931335449,
            0.7040000009536743,
            0.7088000011444092,
            0.7003999996185303,
            0.6768000078201294,
            0.6924000000953674,
            0.6803999996185303,
            0.6630000019073486,
            0.6538000059127808,
            0.6611999940872192,
            0.6662000012397766,
            0.6710000014305115,
            0.6829999995231628,
            0.6804000020027161,
            0.661800000667572,
            0.6547999978065491,
            0.6839999961853027,
            0.6640000009536743,
            0.6707999968528747,
            0.671199996471405,
            0.6778000044822693,
            0.6637999939918519,
            0.6800000023841858,
            0.6588000059127808,
            0.6799999952316285,
            0.6692000007629395,
            0.6687999987602233,
            0.6788000035285949
        ],
        [
            0.7754447054862976,
            0.7441999983787536,
            0.7098000025749207,
            0.6466000020503998,
            0.66,
            0.6687999987602233,
            0.6567999958992005,
            0.6497999930381775,
            0.6404000020027161,
            0.6427999877929688,
            0.6210000061988831,
            0.6475999999046326,
            0.6291999983787536,
            0.6255999994277954,
            0.5714000058174133,
            0.6040000033378601,
            0.5895999956130982,
            0.6013999962806702,
            0.6145999956130982,
            0.567599995136261,
            0.5845999979972839,
            0.605599993467331,
            0.5867999958992004,
            0.5746000003814697,
            0.5892000019550323,
            0.5979999923706054,
            0.5677999949455261,
            0.5838000023365021,
            0.6060000038146973,
            0.5987999999523163,
            0.617599995136261
        ],
        [
            0.8441544890403747,
            0.8251999998092652,
            0.7584000039100647,
            0.7355999946594238,
            0.7251999974250793,
            0.7424000000953674,
            0.7474000024795532,
            0.7352000045776367,
            0.7464000034332275,
            0.7139999890327453,
            0.7229999947547913,
            0.7457999992370605,
            0.7417999982833863,
            0.7489999985694885,
            0.7509999966621399,
            0.7078000020980835,
            0.71,
            0.6923999905586242,
            0.7277999949455262,
            0.7271999979019165,
            0.6946000027656555,
            0.678199999332428,
            0.6848000001907348,
            0.6913999962806702,
            0.6711999917030335,
            0.6640000057220459,
            0.6650000023841858,
            0.663199999332428,
            0.6809999942779541,
            0.7105999970436097,
            0.7420000004768371
        ],
        [
            0.8651321411132813,
            0.8096000051498413,
            0.8156000018119812,
            0.7989999961853027,
            0.7835999941825866,
            0.7467999982833863,
            0.7391999983787536,
            0.7440000009536744,
            0.7367999958992004,
            0.7396000027656555,
            0.744400007724762,
            0.7251999950408936,
            0.7394000029563904,
            0.7332000041007996,
            0.742000002861023,
            0.7136000037193299,
            0.7238000011444092,
            0.7422000050544739,
            0.7386000061035156,
            0.7391999983787536,
            0.7428000044822692,
            0.7615999984741211,
            0.7400000023841858,
            0.7453999972343445,
            0.7484000015258789,
            0.7412000107765198,
            0.7352000069618225,
            0.7318000054359436,
            0.7378000044822692,
            0.732000002861023,
            0.7441999983787536
        ],
        [
            0.8041269421577454,
            0.7807999968528747,
            0.7480000019073486,
            0.7301999974250794,
            0.7232000017166138,
            0.6951999998092652,
            0.7111999988555908,
            0.7019999980926513,
            0.6696000051498413,
            0.6914000058174133,
            0.6937999987602234,
            0.6864000034332275,
            0.6926000046730042,
            0.6548000049591064,
            0.6383999967575074,
            0.6603999924659729,
            0.633799991607666,
            0.6609999942779541,
            0.6494000029563903,
            0.6272000002861023,
            0.6156000018119812,
            0.6597999978065491,
            0.6236000037193299,
            0.6187999939918518,
            0.6016000032424926,
            0.6360000014305115,
            0.6204000067710876,
            0.6190000009536744,
            0.6440000033378601,
            0.6337999999523163,
            0.6312000012397766
        ],
        [
            0.8142906212806702,
            0.7730000042915344,
            0.7059999990463257,
            0.6881999969482422,
            0.6811999988555908,
            0.6420000004768371,
            0.641399998664856,
            0.6173999953269959,
            0.631800000667572,
            0.6113999998569488,
            0.5865999984741211,
            0.5900000035762787,
            0.5679999947547912,
            0.5575999903678894,
            0.5632000029087066,
            0.5669999980926513,
            0.5635999929904938,
            0.5392000031471252,
