{
    "params": {
        "states": 3,
        "symbols": 5,
        "epochs": 10,
        "epoch_size": 500,
        "batch_size": 200,
        "seq_len": 20,
        "pop_size": 25,
        "gens": 30,
        "offspring_prop": 1.0,
        "cx_prob": 0.0,
        "mut_prob": 1.0,
        "mut_rate": null,
        "_pool_size": 4
    },
    "mean_fitnesses": [
        [
            0.8564363288879394,
            0.8311999940872192,
            0.8070000052452088,
            0.7296000027656555,
            0.7117999958992004,
            0.6921999979019166,
            0.6615999960899352,
            0.672400004863739,
            0.6644000029563903,
            0.6502000045776367,
            0.6472000074386597,
            0.6408000063896179,
            0.6431999969482421,
            0.6192000031471252,
            0.6092000079154968,
            0.611599998474121,
            0.5921999979019165,
            0.5902000021934509,
            0.5996000075340271,
            0.5739999961853027,
            0.5694000029563904,
            0.5683999979496002,
            0.5904000043869019,
            0.5664000105857849,
            0.5805999946594238,
            0.5641999995708465,
            0.5561999988555908,
            0.5729999995231628,
            0.5947999954223633,
            0.56200000166893,
            0.5617999875545502
        ],
        [
            0.8534850263595581,
            0.8048000049591064,
            0.8048000001907348,
            0.7648000001907349,
            0.7316000056266785,
            0.7405999970436096,
            0.7159999895095825,
            0.7052000045776368,
            0.7047999978065491,
            0.7064000010490418,
            0.6718000078201294,
            0.6580000042915344,
            0.6625999975204467,
            0.6651999998092651,
            0.6700000023841858,
            0.6600000047683716,
            0.6567999935150146,
            0.6498000049591064,
            0.637999997138977,
            0.6211999988555909,
            0.6309999966621399,
            0.6237999939918518,
            0.6077999973297119,
            0.625200002193451,
            0.6072000050544739,
            0.5938000011444092,
            0.5686000049114227,
            0.5872000002861023,
            0.5762000012397767,
            0.5748000025749207,
            0.5968000054359436
        ],
        [
            0.8478243565559387,
            0.7919999980926513,
            0.7551999974250794,
            0.7338000059127807,
            0.7244000124931336,
            0.7247999954223633,
            0.7262000012397766,
            0.7094000029563904,
            0.6987999987602234,
            0.6960000014305114,
            0.6878000044822693,
            0.6721999979019165,
            0.6744000029563904,
            0.6779999971389771,
            0.6645999956130981,
            0.6642000007629395,
            0.6810000038146973,
            0.6801999950408936,
            0.6709999990463257,
            0.6668000054359436,
            0.6844000005722046,
            0.6797999978065491,
            0.6929999971389771,
            0.674399995803833,
            0.699800009727478,
            0.6958000063896179,
            0.6955999994277954,
            0.6958000063896179,
            0.6785999965667725,
            0.6818000030517578,
            0.6903999948501587
        ],
        [
            0.9278750491142272,
            0.8822000050544738,
            0.8690000033378601,
            0.8349999976158142,
            0.8420000076293945,
            0.8532000064849854,
            0.8357999992370605,
            0.8082000064849854,
            0.8020000004768372,
            0.7849999976158142,
            0.7809999942779541,
            0.7668000030517578,
            0.7712000036239623,
            0.7516000032424927,
            0.7576000046730041,
            0.7477999997138977,
            0.717200002670288,
            0.7079999971389771,
            0.7034000015258789,
            0.7142000007629394,
            0.7041999983787537,
            0.719399995803833,
            0.7132000041007995,
            0.7016000032424927,
            0.7134000062942505,
            0.726800012588501,
            0.7233999991416931,
            0.7161999988555908,
            0.7009999990463257,
            0.71,
            0.7120000100135804
        ],
        [
            0.774972858428955,
            0.726599998474121,
            0.6571999907493591,
            0.6273999953269959,
            0.6191999983787536,
            0.5657999968528747,
            0.5812000036239624,
            0.5933999967575073,
            0.6104000008106232,
            0.5782000017166138,
            0.5583999967575073,
            0.5487999963760376,
            0.5692000007629394,
            0.5545999932289124,
            0.5577999925613404,
            0.5457999956607819,
            0.5392000055313111,
            0.5389999985694885,
            0.549599997997284,
            0.5451999998092651,
            0.5443999910354614,
            0.544200005531311,
            0.5384000098705292,
            0.5067999923229217,
            0.5140000021457672,
            0.5056000030040741,
            0.5011999988555909,
            0.506199996471405,
            0.5088000011444092,
            0.5113999974727631,
            0.5079999959468842
        ],
        [
            0.7279137754440308,
            0.6952000045776368,
            0.6478000020980835,
            0.6285999965667725,
            0.636399998664856,
            0.6320000004768371,
            0.6030000066757202,
            0.6115999960899353,
            0.6050000023841858,
            0.6245999956130981,
            0.6141999936103821,
            0.6051999962329865,
            0.6122000002861023,
            0.5743999934196472,
            0.5820000004768372,
            0.5502000117301941,
            0.5725999999046326,
            0.5747999978065491,
            0.5852000069618225,
            0.5900000047683716,
            0.5883999991416932,
            0.575,
            0.5849999952316284,
            0.5917999982833863,
            0.5790000057220459,
            0.5766000056266785,
            0.5650000035762787,
            0.5523999929428101,
            0.5674000000953674,
            0.554599997997284,
            0.542799997329712
        ],
        [
            0.7995469009876252,
            0.7457999944686889,
            0.7771999955177307,
            0.7372000074386597,
            0.7082000088691711,
            0.6992000031471253,
            0.6894000005722046,
            0.6871999955177307,
            0.6646000051498413,
            0.6403999924659729,
            0.6437999963760376,
            0.6045999979972839,
            0.6063999962806702,
            0.6206000018119812,
            0.5864000058174134,
            0.5718000054359436,
            0.5694000053405762,
            0.5681999993324279,
            0.5696000063419342,
            0.5679999971389771,
            0.5759999990463257,
            0.5530000019073487,
            0.5567999982833862,
            0.5682000088691711,
            0.5717999982833862,
            0.5496000027656556,
            0.5525999975204468,
            0.5427999901771545,
            0.536199996471405,
            0.5436000037193298,
            0.5612000036239624
        ],
        [
            0.8954878258705139,
            0.8442000007629394,
            0.8310000109672546,
            0.804600007534027,
            0.7843999934196472,
            0.7680000042915345,
            0.7383999991416931,
            0.7372000050544739,
            0.7227999997138977,
            0.7005999970436096,
            0.6995999979972839,
            0.6840000033378602,
            0.6947999954223633,
            0.6861999988555908,
            0.6710000014305115,
            0.6623999977111816,
            0.6437999963760376,
            0.6505999946594239,
