{
    "params": {
        "states": 3,
        "symbols": 5,
        "epochs": 10,
        "epoch_size": 500,
        "batch_size": 200,
        "seq_len": 20,
        "pop_size": 25,
        "gens": 30,
        "offspring_prop": 1.0,
        "cx_prob": 0.0,
        "mut_prob": 1.0,
        "mut_rate": 0.4,
        "_pool_size": 4
    },
    "mean_fitnesses": [
        [
            0.8566910147666931,
            0.8163999986648559,
            0.754199993610382,
            0.7290000057220459,
            0.7234000039100646,
            0.6987999999523162,
            0.6738000059127808,
            0.6515999960899354,
            0.6405999970436096,
            0.638600001335144,
            0.6175999999046325,
            0.6153999996185303,
            0.6523999905586243,
            0.6389999985694885,
            0.6368000054359436,
            0.6269999957084655,
            0.6533999943733215,
            0.656399998664856,
            0.643199999332428,
            0.6381999897956848,
            0.5618000006675721,
            0.5899999952316284,
            0.5811999988555908,
            0.5866000008583069,
            0.5959999966621399,
            0.600400002002716,
            0.5938000059127808,
            0.6103999996185303,
            0.596800000667572,
            0.5805999898910522,
            0.5751999974250793
        ],
        [
            0.9120698571205139,
            0.8651999974250794,
            0.8629999995231629,
            0.8445999932289123,
            0.8253999972343444,
            0.8224000024795532,
            0.7911999988555908,
            0.7968000030517578,
            0.7920000052452087,
            0.758199999332428,
            0.7539999985694885,
            0.7403999924659729,
            0.7364000058174134,
            0.7192000031471253,
            0.6909999966621398,
            0.6831999969482422,
            0.6994000029563904,
            0.6963999962806702,
            0.6808000016212463,
            0.6778000044822693,
            0.6719999957084656,
            0.6720000028610229,
            0.6732000017166138,
            0.6882000064849854,
            0.6947999978065491,
            0.6794000005722046,
            0.6848000049591064,
            0.6632000088691712,
            0.6835999965667725,
            0.6884000062942505,
            0.665
        ],
        [
            0.779310576915741,
            0.7122000002861023,
            0.6671999979019165,
            0.6150000035762787,
            0.6130000019073486,
            0.6141999959945679,
            0.607999997138977,
            0.581800000667572,
            0.5824000000953674,
            0.5839999961853027,
            0.5733999991416932,
            0.5579999947547912,
            0.5675999975204468,
            0.5453999996185303,
            0.5642000019550324,
            0.5539999973773956,
            0.5746000027656555,
            0.5307999992370606,
            0.5549999952316285,
            0.5415999984741211,
            0.5701999986171722,
            0.5591999959945678,
            0.5564000010490417,
            0.5595999956130981,
            0.5647999978065491,
            0.5729999971389771,
            0.5700000023841858,
            0.5705999946594238,
            0.5652000045776367,
            0.55799999833107,
            0.5505999875068665
        ],
        [
            0.7899177670478821,
            0.7536000061035156,
            0.7240000009536743,
            0.6639999985694885,
            0.6643999981880188,
            0.639199994802475,
            0.6233999943733215,
            0.6034000015258789,
            0.5649999976158142,
            0.5874000000953674,
            0.5680000054836273,
            0.5422000014781951,
            0.5335999989509582,
            0.5337999963760376,
            0.5285999917984009,
            0.5258000004291534,
            0.5156000006198883,
            0.5007999956607818,
            0.5106000089645386,
            0.5483999991416931,
            0.5447999954223632,
            0.5766000044345856,
            0.5439999961853027,
            0.5479999995231628,
            0.5383999931812287,
            0.539599996805191,
            0.5282000017166137,
            0.5142000055313111,
            0.5466000008583068,
            0.5484000015258789,
            0.5273999953269959
        ],
        [
            0.7320682621002197,
            0.7035999977588654,
            0.6447999954223633,
            0.6109999942779542,
            0.6257999992370605,
            0.6133999943733215,
            0.600800006389618,
            0.6035999965667724,
            0.6322000002861023,
            0.597200002670288,
            0.6208000040054321,
            0.6249999952316284,
            0.6161999988555908,
            0.6087999939918518,
            0.6100000047683716,
            0.6305999970436096,
            0.6085999965667724,
            0.6029999947547913,
            0.6224000000953674,
            0.6079999995231629,
            0.6163999962806702,
            0.617400004863739,
            0.6088000011444091,
            0.6272000002861023,
            0.6042000079154968,
            0.6100000071525574,
            0.6258000016212464,
            0.6132000088691711,
            0.6057999992370605,
            0.6090000057220459,
            0.6133999872207642
        ],
        [
            0.9394175696372986,
            0.9035999965667725,
            0.9138000035285949,
            0.8971999955177307,
            0.8985999989509582,
            0.8821999907493592,
            0.8423999905586242,
            0.8384000062942505,
            0.8519999980926514,
            0.861199996471405,
            0.8534000086784362,
            0.8419999980926514,
            0.8421999979019165,
            0.8127999973297119,
            0.7844000029563903,
            0.7714000129699707,
            0.7239999914169312,
            0.7059999966621399,
            0.7362000060081482,
            0.7289999985694885,
            0.7344000053405761,
            0.7118000054359436,
            0.7101999998092652,
            0.7244000005722045,
            0.713600001335144,
            0.725600004196167,
            0.7191999936103821,
            0.7000000047683715,
            0.6925999975204468,
            0.6883999943733216,
            0.6877999949455261
        ],
        [
            0.8344183659553528,
            0.7810000109672547,
            0.7583999991416931,
            0.7202000069618225,
            0.7332000064849854,
            0.716800000667572,
            0.6863999962806702,
            0.6606000018119812,
            0.6489999985694885,
            0.6551999998092651,
            0.6467999982833862,
            0.646800000667572,
            0.6358000016212464,
            0.6053999996185303,
            0.5889999985694885,
            0.5842000007629394,
            0.5553999996185303,
            0.5420000004768372,
            0.5301999998092651,
            0.535999995470047,
            0.5762000036239624,
            0.5544000005722046,
            0.5832000017166138,
            0.604199994802475,
            0.5713999962806702,
            0.553799991607666,
            0.552199991941452,
            0.5530000066757202,
            0.5259999954700469,
            0.518400000333786,
            0.5188000047206879
        ],
        [
            0.8461273455619812,
            0.8233999991416932,
            0.7988000011444092,
            0.7777999997138977,
            0.7747999978065491,
            0.7747999978065491,
            0.7668000054359436,
            0.7353999900817871,
            0.7202000045776367,
            0.7169999957084656,
            0.6963999962806702,
            0.7071999979019165,
            0.690399992465973,
            0.6991999936103821,
            0.6875999975204468,
            0.672799997329712,
            0.6877999925613403,
            0.6561999917030334,
