{
    "params": {
        "states": 3,
        "symbols": 5,
        "epochs": 10,
        "epoch_size": 500,
        "batch_size": 200,
        "seq_len": 20,
        "pop_size": 25,
        "gens": 30,
        "offspring_prop": 1.0,
        "cx_prob": 0.0,
        "mut_prob": 1.0,
        "mut_rate": 0.2,
        "_pool_size": 4
    },
    "mean_fitnesses": [
        [
            0.8574071860313416,
            0.8531999945640564,
            0.8135999965667725,
            0.7883999991416931,
            0.7637999987602234,
            0.7180000042915344,
            0.6642000055313111,
            0.6316000080108642,
            0.6368000149726868,
            0.6295999932289124,
            0.6230000066757202,
            0.6031999897956848,
            0.5971999907493591,
            0.62,
            0.5918000078201294,
            0.5834000039100647,
            0.6019999980926514,
            0.5890000057220459,
            0.6118000102043152,
            0.6019999933242798,
            0.5757999992370606,
            0.5816000056266785,
            0.581800000667572,
            0.5947999906539917,
            0.5985999965667724,
            0.5862000048160553,
            0.5747999942302704,
            0.5269999980926514,
            0.531799988746643,
            0.5389999985694885,
            0.5460000014305115
        ],
        [
            0.8326279473304748,
            0.7741999959945679,
            0.6743999934196472,
            0.616800000667572,
            0.6285999941825867,
            0.6191999983787536,
            0.6119999980926514,
            0.6070000004768371,
            0.6320000076293946,
            0.6217999982833863,
            0.6189999985694885,
            0.6139999985694885,
            0.6148000025749206,
            0.6046000003814698,
            0.5763999915122986,
            0.5709999990463257,
            0.5809999966621399,
            0.587200002670288,
            0.582400004863739,
            0.5585999965667725,
            0.5869999957084656,
            0.5769999980926513,
            0.591999990940094,
            0.6000000023841858,
            0.5944000005722045,
            0.5755999994277954,
            0.5682000017166138,
            0.580799994468689,
            0.5676000070571899,
            0.5718000030517578,
            0.5765999937057495
        ],
        [
            0.7929868340492249,
            0.7308000016212464,
            0.6751999950408936,
            0.6640000009536743,
            0.6367999887466431,
            0.6516000032424927,
            0.6430000066757202,
            0.6305999970436096,
            0.6416000032424927,
            0.6306000018119812,
            0.6149999952316284,
            0.6219999980926514,
            0.6231999969482422,
            0.6386000037193298,
            0.6278000044822692,
            0.6219999957084655,
            0.6309999966621399,
            0.6353999996185302,
            0.63739999294281,
            0.6419999933242798,
            0.6326000046730041,
            0.6243999981880188,
            0.6302000069618225,
            0.6431999969482421,
            0.6325999903678894,
            0.6259999966621399,
            0.6354000091552734,
            0.6227999997138977,
            0.625200002193451,
            0.6250000047683716,
            0.6403999972343445
        ],
        [
            0.8122642707824707,
            0.7752000093460083,
            0.7664000058174133,
            0.7882000088691712,
            0.7573999977111816,
            0.7382000017166138,
            0.7037999987602234,
            0.7038000011444092,
            0.6861999964714051,
            0.6846000027656555,
            0.6653999972343445,
            0.6685999917984009,
            0.659599997997284,
            0.6664000010490417,
            0.647999997138977,
            0.6683999991416931,
            0.6664000010490417,
            0.6539999985694885,
            0.6354000043869018,
            0.6458000063896179,
            0.6235999989509583,
            0.6450000047683716,
            0.6433999967575074,
            0.6400000023841858,
            0.618799991607666,
            0.6310000061988831,
            0.6294000005722046,
            0.6294000053405762,
            0.6323999953269959,
            0.6119999980926514,
            0.6149999952316284
        ],
        [
            0.9099061870574952,
            0.891800000667572,
            0.8467999958992004,
            0.8549999976158142,
            0.8231999945640563,
            0.8159999966621398,
            0.8089999890327454,
            0.8018000030517578,
            0.7948000001907348,
            0.8043999981880188,
            0.8099999976158142,
            0.8,
            0.8051999998092652,
            0.7978000044822693,
            0.8065999889373779,
            0.8103999972343445,
            0.8290000104904175,
            0.8143999934196472,
            0.8182000017166138,
            0.8162000036239624,
            0.8352000021934509,
            0.8271999979019165,
            0.800799994468689,
            0.8014000010490417,
            0.8184000039100647,
            0.8061999964714051,
            0.8081999921798706,
            0.7997999954223632,
            0.7890000033378601,
            0.7857999920845031,
            0.7770000004768371
        ],
        [
            0.8763520908355713,
            0.8087999987602233,
            0.8104000020027161,
            0.7760000038146972,
            0.7364000010490418,
            0.7223999905586242,
            0.7140000128746032,
            0.7031999969482422,
            0.7047999954223633,
            0.6842000031471253,
            0.6906000089645385,
            0.6904000043869019,
            0.6933999991416931,
            0.6652000021934509,
            0.6389999985694885,
            0.6206000065803527,
            0.591999990940094,
            0.5873999953269958,
            0.621199996471405,
            0.6302000045776367,
            0.6191999983787536,
            0.6100000071525574,
            0.6278000092506408,
            0.6128000068664551,
            0.6364000034332276,
            0.6348000001907349,
            0.6285999965667725,
            0.6281999969482421,
            0.6181999897956848,
            0.6263999962806701,
            0.6246000027656555
        ],
        [
            0.7886483049392701,
            0.7607999992370605,
            0.643400000333786,
            0.6224000024795532,
            0.648199987411499,
            0.6212000012397766,
            0.6186000037193299,
            0.6472000026702881,
            0.6524000024795532,
            0.6601999998092651,
            0.6711999940872192,
            0.6615999960899352,
            0.6537999987602234,
            0.6547999906539917,
            0.6363999962806701,
            0.6474000000953675,
            0.6282000052928924,
            0.6389999938011169,
            0.6382000064849853,
            0.617000002861023,
            0.6255999875068664,
            0.613800003528595,
            0.6217999982833863,
            0.606800012588501,
            0.6297999930381775,
            0.600600004196167,
            0.6164000034332275,
            0.6389999961853028,
            0.6305999994277954,
            0.622400004863739,
            0.6301999926567078
        ],
        [
            0.8322686624526977,
            0.7687999987602234,
            0.7533999943733215,
            0.7061999988555908,
            0.7296000027656555,
            0.7475999975204468,
            0.7511999988555909,
            0.7030000042915344,
            0.7217999982833863,
            0.7055999994277954,
            0.7203999900817871,
            0.7044000053405761,
            0.6453999972343445,
            0.6551999950408935,
            0.6492000055313111,
            0.6475999999046326,
            0.6508000040054321,
            0.6453999948501586,
