{
    "params": {
        "states": 3,
        "symbols": 5,
        "epochs": 10,
        "epoch_size": 500,
        "batch_size": 200,
        "seq_len": 20,
        "pop_size": 25,
        "gens": 30,
        "offspring_prop": 1.0,
        "cx_prob": 0.0,
        "mut_prob": 1.0,
        "mut_rate": 0.8,
        "_pool_size": 4
    },
    "mean_fitnesses": [
        [
            0.8562331366539001,
            0.8412000036239624,
            0.8113999962806702,
            0.7622000002861022,
            0.7296000003814698,
            0.7159999990463257,
            0.6869999957084656,
            0.6810000014305114,
            0.6546000003814697,
            0.6525999999046326,
            0.6612000060081482,
            0.634799997806549,
            0.6412000083923339,
            0.6431999969482421,
            0.608400000333786,
            0.5915999984741211,
            0.5820000076293945,
            0.5956000006198883,
            0.5924000084400177,
            0.5410000050067901,
            0.5549999976158142,
            0.5633999979496003,
            0.5889999985694885,
            0.5966000080108642,
            0.6019999945163726,
            0.6290000009536744,
            0.6037999963760377,
            0.6344000005722046,
            0.6127999949455262,
            0.6290000033378601,
            0.6132000041007996
        ],
        [
            0.7936646676063538,
            0.7542000031471252,
            0.7465999937057495,
            0.7071999979019165,
            0.6639999985694885,
            0.6449999976158142,
            0.6766000008583068,
            0.6341999912261963,
            0.6229999923706054,
            0.6290000009536744,
            0.6388000082969666,
            0.6172000002861023,
            0.6355999946594239,
            0.6217999958992004,
            0.6288000059127807,
            0.6210000061988831,
            0.6238000059127807,
            0.5922000002861023,
            0.5890000009536743,
            0.5820000004768372,
            0.5821999979019165,
            0.5783999991416932,
            0.5660000014305114,
            0.5793999946117401,
            0.596199996471405,
            0.6018000042438507,
            0.6386000037193298,
            0.6328000020980835,
            0.6487999987602234,
            0.6189999890327453,
            0.6236000061035156
        ],
        [
            0.8817948079109192,
            0.8175999975204468,
            0.7803999948501587,
            0.7914000058174133,
            0.7607999920845032,
            0.7864000010490417,
            0.7746000051498413,
            0.7774000000953675,
            0.7998000001907348,
            0.8004000020027161,
            0.794599997997284,
            0.8020000052452088,
            0.7659999990463257,
            0.7934000039100647,
            0.7846000051498413,
            0.7898000001907348,
            0.7908000040054322,
            0.7961999988555908,
            0.8044000005722046,
            0.8256000065803528,
            0.8118000102043151,
            0.8225999975204468,
            0.8307999992370605,
            0.82400000333786,
            0.8051999974250793,
            0.7984000086784363,
            0.7994000053405762,
            0.8009999918937684,
            0.7917999911308289,
            0.7976000046730042,
            0.8182000017166138
        ],
        [
            0.7828467035293579,
            0.7583999919891358,
            0.7117999911308288,
            0.6659999918937684,
            0.6695999908447265,
            0.6865999984741211,
            0.669200005531311,
            0.6389999926090241,
            0.6454000115394593,
            0.6387999987602234,
            0.6171999955177307,
            0.622999986410141,
            0.6059999966621399,
            0.6334000027179718,
            0.6175999999046325,
            0.5782000017166138,
            0.5755999970436096,
            0.598600001335144,
            0.625200002193451,
            0.6149999952316284,
            0.6516000056266784,
            0.6035999989509583,
            0.617400004863739,
            0.6108000040054321,
            0.6231999945640564,
            0.6040000033378601,
            0.6105999994277954,
            0.6218000018596649,
            0.6124000072479248,
            0.6165999972820282,
            0.6132000041007996
        ],
        [
            0.853113374710083,
            0.8587999987602234,
            0.8,
            0.7753999996185302,
            0.7807999992370606,
            0.7778000020980835,
            0.741800000667572,
            0.7633999991416931,
            0.7378000044822692,
            0.7516000056266785,
            0.7405999875068665,
            0.7552000045776367,
            0.7138000082969665,
            0.7354000067710876,
            0.7726000094413757,
            0.7587999987602234,
            0.7783999943733215,
            0.7601999974250794,
            0.7277999949455262,
            0.7623999977111816,
            0.733600001335144,
            0.7364000010490418,
            0.7646000003814697,
            0.7726000046730042,
            0.7968000030517578,
            0.7772000050544738,
            0.7793999934196472,
            0.7773999977111816,
            0.783799991607666,
            0.7823999953269959,
            0.766999990940094
        ],
        [
            0.8111960053443908,
            0.7893999981880188,
            0.7376000022888184,
            0.7238000082969666,
            0.7137999939918518,
            0.7168000054359436,
            0.724399995803833,
            0.7127999997138977,
            0.6987999987602234,
            0.7260000038146973,
            0.7271999955177307,
            0.7085999989509583,
            0.7072000050544739,
            0.7220000052452087,
            0.7379999995231629,
            0.6935999941825867,
            0.7095999932289123,
            0.6639999961853027,
            0.6740000128746033,
            0.6564000082015992,
            0.6545999932289124,
            0.6825999903678894,
            0.6528000092506409,
            0.6146000099182128,
            0.6334000110626221,
            0.6419999957084656,
            0.6203999924659729,
            0.6225999903678894,
            0.6435999941825866,
            0.6442000007629395,
            0.6423999977111816
        ],
        [
            0.8512838315963746,
            0.7831999921798706,
            0.7706000018119812,
            0.7577999973297119,
            0.7582000064849853,
            0.7466000032424926,
            0.7325999975204468,
            0.736399998664856,
            0.7324000024795532,
            0.7067999982833862,
            0.7159999966621399,
            0.7453999948501587,
            0.7416000008583069,
            0.7388000011444091,
            0.7163999962806702,
            0.7310000085830688,
            0.7040000009536743,
            0.6936000037193298,
            0.7011999964714051,
            0.6791999959945678,
            0.6298000073432922,
            0.6398000049591065,
            0.6192000007629395,
            0.5977999889850616,
            0.6190000081062317,
            0.6029999923706054,
            0.6241999995708466,
            0.6215999984741211,
            0.6034000086784362,
            0.5935999965667724,
            0.6307999920845032
        ],
        [
            0.8440598845481873,
            0.8011999940872192,
            0.7853999996185302,
            0.7734000039100647,
            0.7759999966621399,
            0.7866000008583068,
            0.770799994468689,
            0.7728000020980835,
            0.7827999997138977,
            0.7557999873161316,
            0.740400002002716,
            0.7567999982833862,
            0.748800003528595,
            0.7772000002861023,
            0.7905999946594239,
            0.7940000033378601,
            0.8015999937057495,
            0.7951999998092651,
