{
    "params": {
        "states": 10,
        "symbols": 10
    },
    "mean_fitnesses": [
        [
            0.7108710575103759,
            0.6920000028610229,
            0.6455999994277954,
            0.6487999987602234,
            0.6542000031471252,
            0.6518000078201294,
            0.6233999967575073,
            0.6485999989509582,
            0.6453999972343445,
            0.6409999942779541,
            0.6482000017166137,
            0.6448000025749206,
            0.6628000044822693,
            0.6430000066757202,
            0.6537999939918518,
            0.6541999983787536,
            0.6615999937057495,
            0.6685999917984009,
            0.6775999903678894,
            0.6633999919891358,
            0.6757999992370606,
            0.6784000039100647,
            0.6689999985694886,
            0.6764000010490417,
            0.6789999985694886,
            0.6736000013351441,
            0.6793999886512756,
            0.6698000001907348,
            0.6817999982833862,
            0.6758000016212463,
            0.6656000089645385
        ],
        [
            0.7546870231628418,
            0.7239999985694885,
            0.7064000058174134,
            0.681200008392334,
            0.6742000031471252,
            0.6766000032424927,
            0.6840000033378602,
            0.6909999942779541,
            0.6907999968528747,
            0.6949999928474426,
            0.6931999993324279,
            0.6996000099182129,
            0.6998000073432923,
            0.6808000040054322,
            0.6838000059127808,
            0.680799994468689,
            0.6677999925613404,
            0.6835999917984009,
            0.6644000029563903,
            0.6793999981880188,
            0.6730000042915344,
            0.6633999991416931,
            0.6741999936103821,
            0.6653999948501587,
            0.6523999953269959,
            0.6768000078201294,
            0.6586000013351441,
            0.6694000005722046,
            0.6764000034332276,
            0.6808000063896179,
            0.6717999982833862
        ],
        [
            0.7041061854362488,
            0.7064000058174134,
            0.6585999989509582,
            0.6627999997138977,
            0.660799994468689,
            0.6804000067710877,
            0.6533999967575074,
            0.6362000012397766,
            0.6209999990463256,
            0.6214000105857849,
            0.639199993610382,
            0.6401999974250794,
            0.6541999959945679,
            0.6264000082015991,
            0.632400004863739,
            0.6653999900817871,
            0.6529999995231628,
            0.6427999997138977,
            0.6432000017166137,
            0.6524000000953675,
            0.6655999970436096,
            0.6527999997138977,
            0.6309999990463256,
            0.6505999970436096,
            0.6437999963760376,
            0.6407999992370605,
            0.6540000009536743,
            0.6712000012397766,
            0.6547999930381775,
            0.657799997329712,
            0.6772000074386597
        ],
        [
            0.7098243474960327,
            0.7052000045776368,
            0.6925999927520752,
            0.6934000015258789,
            0.6948000049591064,
            0.7012000012397767,
            0.6962000060081482,
            0.6901999950408936,
            0.6983999967575073,
            0.655200002193451,
            0.6705999994277954,
            0.6867999982833862,
            0.6950000047683715,
            0.6660000038146973,
            0.6735999989509582,
            0.6734000015258789,
            0.6634000039100647,
            0.6596000003814697,
            0.6624000072479248,
            0.6635999941825866,
            0.6559999990463257,
            0.6698000025749207,
            0.6528000020980835,
            0.6415999937057495,
            0.6596000075340271,
            0.6642000079154968,
            0.6492000007629395,
            0.6548000001907348,
            0.6558000087738037,
            0.6511999988555908,
            0.6647999978065491
        ],
        [
            0.7200487065315246,
            0.6876000070571899,
            0.6849999928474426,
            0.6987999987602234,
            0.7046000027656555,
            0.7022000002861023,
            0.7119999957084656,
            0.692599995136261,
            0.7081999993324279,
            0.7021999955177307,
            0.6946000027656555,
            0.6947999930381775,
            0.6699999976158142,
            0.6787999963760376,
            0.6818000006675721,
            0.663000009059906,
            0.6858000040054322,
            0.6558000063896179,
            0.6610000038146973,
            0.6617999935150146,
            0.6604000020027161,
            0.6511999940872193,
            0.6616000008583068,
            0.6652000045776367,
            0.6663999915122986,
            0.659399995803833,
            0.6442000007629395,
            0.6568000054359436,
            0.6353999972343445,
            0.6298000049591065,
            0.6301999950408935
        ],
        [
            0.7036487054824829,
            0.6723999977111816,
            0.663199999332428,
            0.6458000063896179,
            0.6579999947547912,
            0.641800000667572,
            0.6258000040054321,
            0.6569999980926514,
            0.6497999882698059,
            0.6627999997138977,
            0.6593999981880188,
            0.6451999950408935,
            0.6459999966621399,
            0.6454000043869018,
            0.6092000007629395,
            0.6319999933242798,
            0.6622000050544739,
            0.6457999992370606,
            0.6450000023841858,
            0.6469999980926514,
            0.6337999987602234,
            0.6140000057220459,
            0.6246000003814697,
            0.6450000023841858,
            0.6257999968528748,
            0.6291999912261963,
            0.6349999904632568,
            0.6212000012397766,
            0.6249999952316284,
            0.6377999901771545,
            0.6227999997138977
        ],
        [
            0.6721776437759399,
            0.6364000034332276,
            0.6380000090599061,
            0.5867999982833862,
            0.5881999921798706,
            0.58260000705719,
            0.5821999955177307,
            0.5930000042915344,
            0.5960000038146973,
            0.6105999922752381,
            0.611599998474121,
            0.6225999927520752,
            0.6218000078201293,
            0.6253999996185303,
            0.6235999965667725,
            0.6092000007629395,
            0.6135999965667724,
            0.5984000086784362,
            0.6172000002861023,
            0.6200000095367432,
            0.6233999991416931,
            0.6196000027656555,
            0.622999997138977,
            0.626999990940094,
            0.6219999957084655,
            0.6241999983787536,
            0.6244000005722046,
            0.6048000025749206,
            0.6128000068664551,
            0.6253999996185303,
            0.6244000101089477
        ],
        [
            0.6964658761024475,
            0.6898000001907348,
            0.6725999927520752,
            0.6423999977111816,
            0.6566000056266784,
            0.6579999947547912,
            0.6656000041961669,
            0.673400011062622,
            0.6676000070571899,
            0.667599995136261,
            0.6858000016212463,
            0.677199993133545,
            0.6553999996185302,
            0.6754000020027161,
            0.6815999960899353,
            0.675,
            0.6774000000953674,
            0.6608000040054322,
            0.6559999990463257,
            0.655,
            0.6651999974250793,
            0.671399998664856,
            0.6696000051498413,
            0.6646000003814697,
            0.6472000050544738,
            0.6338000011444092,
