{
    "params": {
        "states": 5,
        "symbols": 3
    },
    "mean_fitnesses": [
        [
            0.6618574869632721,
            0.5874000012874603,
            0.5540000033378601,
            0.548199999332428,
            0.510799994468689,
            0.5370000028610229,
            0.5066000020503998,
            0.5097999966144562,
            0.5158000040054321,
            0.4987999987602234,
            0.49860000252723696,
            0.4810000002384186,
            0.4857999968528748,
            0.49859999895095825,
            0.4827999925613403,
            0.4887999963760376,
            0.49699999451637267,
            0.5059999942779541,
            0.48419999837875366,
            0.478400000333786,
            0.5013999927043915,
            0.49339999675750734,
            0.4884000015258789,
            0.48779999852180483,
            0.5057999956607818,
            0.4875999963283539,
            0.4915999984741211,
            0.4810000002384186,
            0.5101999998092651,
            0.510999995470047,
            0.48279999852180483
        ],
        [
            0.7239660716056824,
            0.6903999948501587,
            0.6327999949455261,
            0.5756000030040741,
            0.5661999964714051,
            0.5536000001430511,
            0.5567999982833862,
            0.5553999996185303,
            0.5624000024795532,
            0.5501999986171723,
            0.5396000015735626,
            0.5324000048637391,
            0.5323999917507172,
            0.5382000017166138,
            0.5603999972343445,
            0.5574000072479248,
            0.5472000002861023,
            0.5634000074863433,
            0.5523999977111816,
            0.5479999923706055,
            0.5489999926090241,
            0.5373999965190888,
            0.5657999968528747,
            0.5472000026702881,
            0.5371999931335449,
            0.5261999917030334,
            0.5477999997138977,
            0.5475999987125397,
            0.5511999905109406,
            0.5592000007629394,
            0.5182000017166137
        ],
        [
            0.715518559217453,
            0.678400000333786,
            0.591800000667572,
            0.6123999977111816,
            0.6121999955177307,
            0.6057999992370605,
            0.6137999963760375,
            0.5759999990463257,
            0.5731999993324279,
            0.5949999928474426,
            0.5972000050544739,
            0.6030000042915344,
            0.5800000023841858,
            0.5808000016212463,
            0.5635999894142151,
            0.5781999921798706,
            0.577400016784668,
            0.5847999954223633,
            0.5780000066757203,
            0.5914000153541565,
            0.5640000009536743,
            0.5784000062942505,
            0.5733999967575073,
            0.5638000035285949,
            0.5648000073432923,
            0.5603999948501587,
            0.5669999957084656,
            0.5590000009536743,
            0.5770000028610229,
            0.5755999994277954,
            0.5798000025749207
        ],
        [
            0.8317580842971801,
            0.8279999995231628,
            0.7855999875068664,
            0.7580000066757202,
            0.699399995803833,
            0.6578000068664551,
            0.6055999994277954,
            0.5770000076293945,
            0.6148000001907349,
            0.6005999970436097,
            0.5905999994277954,
            0.6098000001907349,
            0.607000002861023,
            0.5922000002861023,
            0.5930000042915344,
            0.5767999935150147,
            0.5764000034332275,
            0.5932000041007995,
            0.5850000095367431,
            0.5715999984741211,
            0.6032000088691711,
            0.5805999994277954,
            0.5739999961853027,
            0.6037999987602234,
            0.5713999938964843,
            0.5663999962806702,
            0.5578000092506409,
            0.5891999888420105,
            0.5824000144004822,
            0.5688000035285949,
            0.5423999977111816
        ],
        [
            0.7672806358337403,
            0.7584000015258789,
            0.6895999979972839,
            0.695600004196167,
            0.7053999996185303,
            0.7108000040054321,
            0.7143999981880188,
            0.7233999991416931,
            0.7218000030517578,
            0.7151999998092652,
            0.707200002670288,
            0.7068000054359436,
            0.697599995136261,
            0.6918000030517578,
            0.6729999971389771,
            0.6740000033378601,
            0.6609999918937683,
            0.6588000011444092,
            0.6590000009536743,
            0.6280000042915345,
            0.6266000080108642,
            0.6439999890327454,
            0.6329999947547913,
            0.6331999921798706,
            0.6399999976158142,
            0.6391999912261963,
            0.6296000051498413,
            0.6417999935150146,
            0.6485999917984009,
            0.6427999997138977,
            0.6420000004768371
        ],
        [
            0.7083345210552215,
            0.658199999332428,
            0.6133999896049499,
            0.5962000036239624,
            0.5816000044345856,
            0.5364000022411346,
            0.5652000069618225,
            0.5840000009536743,
            0.5808000040054321,
            0.5565999948978424,
            0.5504000020027161,
            0.5207999992370606,
            0.5504000020027161,
            0.549399995803833,
            0.5644000053405762,
            0.4884000051021576,
            0.5013999974727631,
            0.5116000020503998,
            0.544999988079071,
            0.5337999987602234,
            0.5266000044345855,
            0.5154000008106232,
            0.5154000020027161,
            0.5225999975204467,
            0.5291999959945679,
            0.5221999919414521,
            0.518199999332428,
            0.5000000023841857,
            0.5147999954223633,
            0.5249999940395356,
            0.4996000063419342
        ],
        [
            0.6685393226146698,
            0.5751999974250793,
            0.5113999974727631,
            0.5177999973297119,
            0.5315999984741211,
            0.5251999974250794,
            0.5221999979019165,
            0.5210000026226044,
            0.5402000021934509,
            0.5217999935150146,
            0.537799996137619,
            0.5184000027179718,
            0.5425999963283539,
            0.5451999890804291,
            0.5247999942302704,
            0.5205999970436096,
            0.5540000057220459,
            0.5348000025749207,
            0.5289999949932098,
            0.5179999911785126,
            0.5475999903678894,
            0.5508000040054322,
            0.5294000005722046,
            0.5310000038146973,
            0.5537999963760376,
            0.5603999936580658,
            0.5651999950408936,
            0.5357999908924103,
            0.5620000052452088,
            0.5440000021457672,
            0.5536000013351441
        ],
        [
            0.7392327356338501,
            0.6941999959945678,
            0.6644000029563903,
            0.6514000010490417,
            0.6593999981880188,
            0.6516000008583069,
            0.6237999963760376,
            0.6076000022888184,
            0.5917999935150147,
            0.6166000080108642,
            0.5946000003814698,
            0.6087999916076661,
            0.5972000002861023,
            0.5984000062942505,
            0.6140000009536744,
            0.6057999992370605,
            0.6204000020027161,
            0.6017999911308288,
            0.5867999982833862,
            0.6005999946594238,
            0.5915999913215637,
            0.6028000092506409,
            0.5911999940872192,
            0.5988000011444092,
            0.5889999985694885,
