{
    "params": {
        "states": 10,
        "symbols": 3
    },
    "mean_fitnesses": [
        [
            0.6085588812828064,
            0.598199999332428,
            0.6019999980926514,
            0.5672000050544739,
            0.5658000087738038,
            0.5435999965667725,
            0.5473999977111816,
            0.5575999975204468,
            0.5637999987602234,
            0.5705999946594238,
            0.5495999956130981,
            0.547800006866455,
            0.5632000017166138,
            0.5596000015735626,
            0.5225999999046326,
            0.5327999997138977,
            0.5278000020980835,
            0.5239999985694885,
            0.5343999886512756,
            0.5280000078678131,
            0.5321999955177307,
            0.5441999995708465,
            0.5433999955654144,
            0.5225999975204467,
            0.5504000043869018,
            0.5219999945163727,
            0.540599992275238,
            0.5532000017166138,
            0.5289999973773957,
            0.529599996805191,
            0.5139999938011169
        ],
        [
            0.702311372756958,
            0.6678000044822693,
            0.6129999947547913,
            0.610600004196167,
            0.6116000032424926,
            0.5914000034332275,
            0.582200002670288,
            0.5893999934196472,
            0.5876000034809112,
            0.5730000042915344,
            0.5701999926567077,
            0.5775999999046326,
            0.578800003528595,
            0.5714000034332275,
            0.5638000082969665,
            0.5585999989509582,
            0.5701999974250793,
            0.5727999997138977,
            0.5748000025749207,
            0.5535999989509582,
            0.5688000011444092,
            0.5767999982833862,
            0.5587999987602233,
            0.5677999973297119,
            0.5576000046730042,
            0.573600001335144,
            0.5653999948501587,
            0.5894000005722045,
            0.5797999954223633,
            0.5715999913215637,
            0.5588000082969665
        ],
        [
            0.6527960073947906,
            0.5761999964714051,
            0.5691999912261962,
            0.576800000667572,
            0.5724000012874604,
            0.5443999946117402,
            0.5464000022411346,
            0.52739999294281,
            0.5367999947071076,
            0.5415999948978424,
            0.5515999984741211,
            0.5269999933242798,
            0.5470000028610229,
            0.5396000003814697,
            0.533800003528595,
            0.5083999967575074,
            0.5219999969005584,
            0.5291999959945679,
            0.5634000062942505,
            0.5029999983310699,
            0.5024000024795532,
            0.5302000045776367,
            0.5236000013351441,
            0.5369999980926514,
            0.5250000083446502,
            0.528400001525879,
            0.5169999957084656,
            0.5206000053882599,
            0.49919999718666075,
            0.510600004196167,
            0.5077999961376191
        ],
        [
            0.6024930107593537,
            0.5585999965667725,
            0.5072000014781952,
            0.480200001001358,
            0.511399998664856,
            0.5281999897956848,
            0.5246000015735626,
            0.5195999991893768,
            0.5074000000953675,
            0.5053999984264373,
            0.5372000014781952,
            0.5311999952793122,
            0.49399999976158143,
            0.4977999985218048,
            0.48979999899864196,
            0.49139999628067016,
            0.48619999647140505,
            0.4810000002384186,
            0.4977999985218048,
            0.49860000014305117,
            0.51700000166893,
            0.5145999956130981,
            0.533800003528595,
            0.508800002336502,
            0.4812000060081482,
            0.5069999980926514,
            0.5007999956607818,
            0.498400000333786,
            0.511599999666214,
            0.5063999950885772,
            0.5104000031948089
        ],
        [
            0.7733832383155823,
            0.7425999975204468,
            0.7294000053405761,
            0.703000009059906,
            0.7067999958992004,
            0.6997999954223633,
            0.6911999917030335,
            0.6790000057220459,
            0.6686000037193298,
            0.6657999992370606,
            0.6571999979019165,
            0.6202000045776367,
            0.6455999994277954,
            0.6190000033378601,
            0.6240000009536744,
            0.6166000008583069,
            0.6320000052452087,
            0.6242000007629395,
            0.5966000056266785,
            0.6007999968528748,
            0.6107999944686889,
            0.6017999982833863,
            0.5993999981880188,
            0.6107999992370605,
            0.6048000025749206,
            0.6034000015258789,
            0.5958000063896179,
            0.6148000025749206,
            0.6116000008583069,
            0.6142000007629395,
            0.597400004863739
        ],
        [
            0.7304095816612244,
            0.6400000035762787,
            0.5770000004768372,
            0.5384000015258789,
            0.4844000005722046,
            0.5097999989986419,
            0.49239999771118165,
            0.5173999917507172,
            0.5072000002861023,
            0.5201999938488007,
            0.5155999994277954,
            0.5124000000953675,
            0.5002000045776367,
            0.5189999973773957,
            0.4970000004768372,
            0.5060000002384186,
            0.5274000036716461,
            0.5132000005245209,
            0.516399998664856,
            0.516399998664856,
            0.5083999991416931,
            0.5159999942779541,
            0.49480000138282776,
            0.506199996471405,
            0.5283999991416931,
            0.5490000033378601,
            0.5149999988079071,
            0.5283999943733215,
            0.4987999939918518,
            0.5218000018596649,
            0.5347999954223632
        ],
        [
            0.6319492959976196,
            0.6094000017642975,
            0.5687999939918518,
            0.5533999967575073,
            0.5480000114440918,
            0.5520000028610229,
            0.5435999977588654,
            0.55,
            0.5496000003814697,
            0.5577999925613404,
            0.5395999991893768,
            0.5271999919414521,
            0.5353999960422516,
            0.5553999924659729,
            0.5568000054359437,
            0.5505999994277954,
            0.5261999940872193,
            0.5508000040054322,
            0.5351999974250794,
            0.5277999949455261,
            0.5304000008106232,
            0.5333999991416931,
            0.539599996805191,
            0.5255999934673309,
            0.5308000087738037,
            0.5218000018596649,
            0.5180000019073486,
            0.5356000065803528,
            0.5369999957084656,
            0.4946000015735626,
            0.5429999947547912
        ],
        [
            0.6968878245353699,
            0.6532000017166137,
            0.6315999960899353,
            0.6351999998092651,
            0.5937999963760376,
            0.6128000068664551,
            0.5904000067710876,
            0.591199996471405,
            0.5648000001907348,
            0.5750000047683715,
            0.5748000049591064,
            0.559200005531311,
            0.5637999963760376,
            0.5408000004291534,
            0.5441999936103821,
            0.5562000060081482,
            0.5375999999046326,
            0.5431999969482422,
            0.5228000009059905,
            0.5131999933719635,
            0.5375999999046326,
            0.5405999970436096,
            0.5250000011920929,
            0.5151999962329864,
            0.5311999988555908,
            0.5239999973773957,
