{
    "params": {
        "states": 10,
        "symbols": 5
    },
    "mean_fitnesses": [
        [
            0.6814103853702546,
            0.6441999971866608,
            0.6132000088691711,
            0.5949999952316284,
            0.5836000061035156,
            0.5387999975681305,
            0.5405999994277955,
            0.5457999992370606,
            0.5341999948024749,
            0.5553999972343445,
            0.5601999998092652,
            0.5509999990463257,
            0.5695999979972839,
            0.5627999997138977,
            0.5736000049114227,
            0.555,
            0.5825999927520752,
            0.5732000160217285,
            0.5587999963760376,
            0.5796000003814697,
            0.5725999999046326,
            0.5700000047683715,
            0.5753999948501587,
            0.5478000020980835,
            0.5813999962806702,
            0.5750000023841858,
            0.5633999991416931,
            0.5626000070571899,
            0.5670000100135804,
            0.5708000016212463,
            0.5693999981880188
        ],
        [
            0.7741872239112854,
            0.7071999883651734,
            0.6624000024795532,
            0.6365999984741211,
            0.6440000057220459,
            0.6441999959945679,
            0.6609999990463257,
            0.6576000022888183,
            0.6396000003814697,
            0.6407999968528748,
            0.6622000002861023,
            0.6500000047683716,
            0.6347999930381775,
            0.6164000034332275,
            0.6462000012397766,
            0.6308000040054321,
            0.6330000019073486,
            0.6536000061035157,
            0.6465999984741211,
            0.6441999983787536,
            0.6411999988555909,
            0.6465999984741211,
            0.6086000061035156,
            0.6042000007629394,
            0.6151999974250794,
            0.6179999947547913,
            0.6058000016212464,
            0.5970000004768372,
            0.5826000022888184,
            0.602000002861023,
            0.601800012588501
        ],
        [
            0.6812990045547486,
            0.6388000059127807,
            0.6219999980926514,
            0.6046000051498414,
            0.5939999938011169,
            0.6079999947547913,
            0.6108000016212464,
            0.6116000008583069,
            0.6009999966621399,
            0.5799999988079071,
            0.5911999940872192,
            0.6168000102043152,
            0.601000006198883,
            0.5747999954223633,
            0.578600002527237,
            0.5772000002861023,
            0.6007999968528748,
            0.5685999953746795,
            0.5999999904632568,
            0.5707999992370606,
            0.5853999948501587,
            0.5781999981403351,
            0.5763999986648559,
            0.585600004196167,
            0.5782000064849854,
            0.5808000040054321,
            0.5783999979496002,
            0.5785999917984008,
            0.5865999913215637,
            0.5861999988555908,
            0.5637999987602234
        ],
        [
            0.6631125724315643,
            0.5793999993801117,
            0.5957999956607819,
            0.5779999971389771,
            0.5714000010490418,
            0.5717999935150146,
            0.5752000069618225,
            0.5540000033378601,
            0.5784000039100647,
            0.5934000039100646,
            0.5870000076293945,
            0.6061999988555908,
            0.5995999979972839,
            0.5892000007629394,
            0.5880000066757202,
            0.5793999981880188,
            0.5899999976158142,
            0.5797999930381775,
            0.5836000037193299,
            0.5951999998092652,
            0.5880000042915344,
            0.6031999921798706,
            0.6073999977111817,
            0.5865999960899353,
            0.5873999953269958,
            0.5903999948501587,
            0.5680000042915344,
            0.5677999925613403,
            0.5634000015258789,
            0.5671999979019166,
            0.5598000049591064
        ],
        [
            0.6343524932861329,
            0.5881999945640564,
            0.564200005531311,
            0.5882000005245209,
            0.5533999931812287,
            0.5655999946594238,
            0.5894000029563904,
            0.5552000045776367,
            0.5685999965667725,
            0.5777999925613403,
            0.5675999975204468,
            0.5679999947547912,
            0.5921999931335449,
            0.5483999991416931,
            0.5866000008583069,
            0.5990000009536743,
            0.5847999978065491,
            0.5797999954223633,
            0.5666000032424927,
            0.5746000003814697,
            0.577199993133545,
            0.546999990940094,
            0.5720000028610229,
            0.5489999985694886,
            0.5701999950408936,
            0.5735999917984009,
            0.5796000051498413,
            0.5525999999046326,
            0.5854000067710876,
            0.5803999996185303,
            0.5653999996185303
        ],
        [
            0.6740099811553955,
            0.6344000053405762,
            0.6136000037193299,
            0.6093999910354614,
            0.5783999967575073,
            0.5578000044822693,
            0.5863999938964843,
            0.5640000033378602,
            0.5842000007629394,
            0.6064000034332275,
            0.5940000009536743,
            0.5916000103950501,
            0.589399995803833,
            0.5950000047683716,
            0.5634000027179717,
            0.5698000001907348,
            0.5895999956130982,
            0.5711999988555908,
            0.5556000006198883,
            0.5809999990463257,
            0.5796000003814697,
            0.573600001335144,
            0.5685999989509583,
            0.5560000038146973,
            0.5337999999523163,
            0.5746000003814697,
            0.5896000099182129,
            0.5508000063896179,
            0.5467999935150146,
            0.541999990940094,
            0.5580000066757203
        ],
        [
            0.7482127714157104,
            0.6632000017166138,
            0.6429999923706055,
            0.6423999977111816,
            0.6594000005722046,
            0.6262000060081482,
            0.6040000009536743,
            0.6249999976158143,
            0.6344000005722046,
            0.6331999969482421,
            0.6327999949455261,
            0.6128000044822692,
            0.6285999965667725,
            0.6273999905586243,
            0.6220000004768371,
            0.617999997138977,
            0.6279999947547913,
            0.6307999992370605,
            0.6215999913215637,
            0.6153999996185303,
            0.6166000103950501,
            0.6169999980926514,
            0.5967999911308288,
            0.6197999906539917,
            0.6153999996185303,
            0.6183999896049499,
            0.6015999937057495,
            0.622000002861023,
            0.6092000031471252,
            0.6229999995231629,
            0.6046000051498414
        ],
        [
            0.6233097875118255,
            0.5881999945640564,
            0.5533999991416931,
            0.5403999924659729,
            0.556399998664856,
            0.5535999929904938,
            0.5455999994277954,
            0.5605999994277954,
            0.5627999949455261,
            0.573800003528595,
            0.5658000016212463,
            0.5615999937057495,
            0.5629999971389771,
            0.5565999925136567,
            0.5559999942779541,
            0.56839998960495,
            0.5509999990463257,
            0.5336000072956085,
            0.5340000009536743,
            0.5585999917984009,
            0.5354000020027161,
            0.5477999985218048,
            0.5557999956607819,
            0.5313999962806701,
            0.5287999987602234,
            0.5349999964237213,
