{
    "params": {
        "states": 25,
        "symbols": 3
    },
    "mean_fitnesses": [
        [
            0.7264155697822571,
            0.6819999933242797,
            0.663199999332428,
            0.6090000081062317,
            0.5981999969482422,
            0.5957999992370605,
            0.598600001335144,
            0.603600001335144,
            0.5783999872207641,
            0.6019999980926514,
            0.6023999977111817,
            0.5834000062942505,
            0.5757999992370606,
            0.6010000038146973,
            0.5802000045776368,
            0.5871999955177307,
            0.6070000076293945,
            0.5924000000953674,
            0.5760000038146973,
            0.5846000003814698,
            0.5861999964714051,
            0.5614000010490418,
            0.5567999982833862,
            0.5456000089645385,
            0.5477999949455261,
            0.5708000004291535,
            0.5543999934196472,
            0.5660000109672546,
            0.5482000017166138,
            0.5525999999046326,
            0.5653999948501587
        ],
        [
            0.6297872221469879,
            0.6044000029563904,
            0.5437999999523163,
            0.5203999996185302,
            0.518800003528595,
            0.5162000000476837,
            0.5219999945163727,
            0.5267999970912933,
            0.5394000029563903,
            0.5534000015258789,
            0.5283999991416931,
            0.5415999972820282,
            0.5499999976158142,
            0.5499999928474426,
            0.5448000025749207,
            0.5533999943733215,
            0.5607999968528747,
            0.5543999934196472,
            0.5591999959945678,
            0.563799991607666,
            0.5518000006675721,
            0.5373999953269959,
            0.5547999966144562,
            0.5436000013351441,
            0.5431999945640564,
            0.5548000073432923,
            0.5418000030517578,
            0.5594000029563904,
            0.5421999907493591,
            0.5640000033378602,
            0.5451999974250793
        ],
        [
            0.6211952126026153,
            0.5618000018596649,
            0.5496000027656556,
            0.5405999970436096,
            0.5256000053882599,
            0.5203999924659729,
            0.5135999989509582,
            0.5083999979496002,
            0.5323999965190888,
            0.5431999897956848,
            0.5261999893188477,
            0.5331999969482422,
            0.5325999987125397,
            0.5293999993801117,
            0.532000002861023,
            0.536399997472763,
            0.5407999920845031,
            0.524000004529953,
            0.5193999993801117,
            0.5151999950408935,
            0.549599997997284,
            0.536399998664856,
            0.5345999908447265,
            0.5484000039100647,
            0.5467999994754791,
            0.5394000005722046,
            0.5363999950885773,
            0.5393999981880188,
            0.5473999953269959,
            0.5383999907970428,
            0.545200001001358
        ],
        [
            0.6282546937465667,
            0.5491999959945679,
            0.5186000001430512,
            0.5104000031948089,
            0.544799998998642,
            0.5203999996185302,
            0.5019999992847443,
            0.46579999566078184,
            0.4640000033378601,
            0.5290000057220459,
            0.5533999907970428,
            0.5276000010967254,
            0.5036000061035156,
            0.4889999961853027,
            0.4971999990940094,
            0.5277999985218048,
            0.5429999971389771,
            0.5554000043869018,
            0.5556000065803528,
            0.5340000033378601,
            0.5526000034809112,
            0.5489999914169311,
            0.5697999978065491,
            0.5354000020027161,
            0.5410000038146973,
            0.5359999966621399,
            0.5251999974250794,
            0.5431999957561493,
            0.5259999895095825,
            0.5195999944210052,
            0.5197999954223633
        ],
        [
            0.611065868139267,
            0.5615999960899353,
            0.5338000011444092,
            0.5384000015258789,
            0.526800000667572,
            0.5337999963760376,
            0.5049999928474427,
            0.5223999977111816,
            0.5509999990463257,
            0.5337999999523163,
            0.5229999959468842,
            0.5433999955654144,
            0.5020000016689301,
            0.4985999977588654,
            0.5248000049591064,
            0.5305999958515167,
            0.5193999993801117,
            0.5241999971866608,
            0.5160000038146972,
            0.5136000037193298,
            0.5219999945163727,
            0.5131999969482421,
            0.49119999527931213,
            0.5065999937057495,
            0.49679999470710756,
            0.4943999981880188,
            0.4952000057697296,
            0.5061999928951263,
            0.4843999993801117,
            0.4827999973297119,
            0.47879999995231626
        ],
        [
            0.7468007946014404,
            0.7416000008583069,
            0.7130000019073486,
            0.7081999897956848,
            0.6683999967575073,
            0.6826000022888183,
            0.6725999879837036,
            0.6576000022888183,
            0.6807999968528747,
            0.6648000001907348,
            0.6720000052452088,
            0.6671999955177307,
            0.6594000101089478,
            0.6643999981880188,
            0.6669999980926513,
            0.6463999891281128,
            0.6535999965667725,
            0.6437999987602234,
            0.6508000040054321,
            0.6540000104904174,
            0.6385999965667725,
            0.6487999987602234,
            0.6477999997138977,
            0.6507999992370606,
            0.6406000018119812,
            0.6369999957084655,
            0.6448000025749206,
            0.650799994468689,
            0.6453999972343445,
            0.6453999948501586,
            0.646399998664856
        ],
        [
            0.7038934111595154,
            0.6677999949455261,
            0.6222000002861023,
            0.6382000017166137,
            0.6139999985694885,
            0.5688000071048737,
            0.5920000004768372,
            0.5882000041007995,
            0.5893999981880188,
            0.5865999984741211,
            0.5955999946594238,
            0.5717999935150146,
            0.5867999982833862,
            0.5799999952316284,
            0.5829999947547913,
            0.581800000667572,
            0.5842000102996826,
            0.590400002002716,
            0.5859999990463257,
            0.5900000023841858,
            0.6071999955177307,
            0.6042000031471253,
            0.5950000071525574,
            0.5816000008583069,
            0.5822000002861023,
            0.5729999995231628,
            0.5746000027656555,
            0.5730000019073487,
            0.5650000023841858,
            0.5894000124931336,
            0.5662000012397767
        ],
        [
            0.6714247512817383,
            0.6201999962329865,
            0.5945999979972839,
            0.5768000030517578,
            0.5821999943256378,
            0.5812000036239624,
            0.5798000001907349,
            0.5464000082015992,
            0.5500000071525574,
            0.5403999924659729,
            0.5423999989032745,
            0.5484000015258789,
            0.5333999896049499,
            0.5271999979019165,
            0.5271999955177307,
            0.5260000002384185,
            0.5309999990463257,
            0.5345999884605408,
            0.5337999975681305,
            0.5410000014305115,
            0.5269999957084656,
            0.5199999964237213,
            0.5306000018119812,
            0.5356000065803528,
            0.5314000022411346,
