{
    "params": {
        "states": 25,
        "symbols": 10
    },
    "mean_fitnesses": [
        [
            0.6981477022171021,
            0.6945999979972839,
            0.6646000003814697,
            0.6627999997138977,
            0.6676000070571899,
            0.6587999987602234,
            0.6472000002861023,
            0.6640000009536743,
            0.6545999932289124,
            0.6411999917030334,
            0.6541999959945679,
            0.6612000012397766,
            0.6355999946594239,
            0.6738000035285949,
            0.648999993801117,
            0.6638000059127808,
            0.6617999935150146,
            0.6468000054359436,
            0.6602000093460083,
            0.663199999332428,
            0.6421999979019165,
            0.6641999983787537,
            0.6469999957084656,
            0.6676000022888183,
            0.644399995803833,
            0.6535999965667725,
            0.6648000001907348,
            0.6978000044822693,
            0.6992000079154969,
            0.6731999969482422,
            0.6845999956130981
        ],
        [
            0.6712702655792236,
            0.6510000038146972,
            0.6286000084877014,
            0.6241999959945679,
            0.6189999961853028,
            0.6232000088691712,
            0.6127999877929687,
            0.6090000033378601,
            0.5945999956130982,
            0.6310000014305115,
            0.6234000015258789,
            0.617999997138977,
            0.6136000084877015,
            0.6059999966621399,
            0.618600001335144,
            0.6220000004768371,
            0.6312000060081482,
            0.6132000017166138,
            0.628800003528595,
            0.6184000039100647,
            0.6032000017166138,
            0.6360000014305115,
            0.6210000085830688,
            0.6244000053405762,
            0.6187999939918518,
            0.6172000026702881,
            0.6216000008583069,
            0.626800000667572,
            0.621399998664856,
            0.6253999924659729,
            0.6116000008583069
        ],
        [
            0.6582135701179505,
            0.635,
            0.6190000009536744,
            0.6280000042915345,
            0.6413999938964844,
            0.6096000075340271,
            0.6113999962806702,
            0.6486000037193298,
            0.6455999970436096,
            0.6516000008583069,
            0.6543999981880187,
            0.638799991607666,
            0.6568000030517578,
            0.635200002193451,
            0.6475999975204467,
            0.6362000036239625,
            0.6532000088691712,
            0.6329999923706054,
            0.6641999983787537,
            0.6615999984741211,
            0.664599997997284,
            0.6762000036239624,
            0.6827999973297119,
            0.6772000050544739,
            0.6685999941825866,
            0.6807999920845031,
            0.6738000011444092,
            0.6671999955177307,
            0.6487999987602234,
            0.6724000096321106,
            0.6607999897003174
        ],
        [
            0.6584291338920594,
            0.6488000082969666,
            0.6223999977111816,
            0.6417999982833862,
            0.6315999913215637,
            0.6104000067710876,
            0.6338000059127807,
            0.637400004863739,
            0.633600001335144,
            0.6510000061988831,
            0.6583999872207642,
            0.6433999991416931,
            0.6189999914169312,
            0.6183999991416931,
            0.6555999994277955,
            0.6562000107765198,
            0.6492000079154968,
            0.6699999952316285,
            0.6792000007629394,
            0.6766000056266784,
            0.6671999931335449,
            0.6621999883651734,
            0.6813999962806702,
            0.6722000026702881,
            0.6619999980926514,
            0.6701999950408936,
            0.6678000020980835,
            0.6602000021934509,
            0.6638000011444092,
            0.6632000017166138,
            0.6636000084877014
        ],
        [
            0.6520059871673584,
            0.6457999968528747,
            0.6403999948501586,
            0.6298000121116638,
            0.6135999965667724,
            0.6148000025749206,
            0.6110000014305115,
            0.621199996471405,
            0.6298000073432922,
            0.6412000012397766,
            0.6188000106811523,
            0.6154000043869019,
            0.6294000029563904,
            0.6375999975204468,
            0.6181999969482422,
            0.6359999990463256,
            0.6266000032424927,
            0.6303999948501587,
            0.6182000088691711,
            0.6125999975204468,
            0.6192000031471252,
            0.6066000080108642,
            0.6292000055313111,
            0.635600004196167,
            0.6334000086784363,
            0.6282000041007996,
            0.6024000000953674,
            0.6222000026702881,
            0.6133999991416931,
            0.6274000000953674,
            0.6206000018119812
        ],
        [
            0.6440886211395264,
            0.6229999899864197,
            0.611599998474121,
            0.6076000046730041,
            0.6017999935150147,
            0.6062000012397766,
            0.581000006198883,
            0.6005999994277954,
            0.5915999984741211,
            0.6053999924659729,
            0.5933999967575073,
            0.6062000012397766,
            0.5956000018119813,
            0.5988000011444092,
            0.5845999932289123,
            0.5922000098228455,
            0.6050000047683716,
            0.5989999938011169,
            0.6211999988555909,
            0.6040000057220459,
            0.5998000025749206,
            0.5993999981880188,
            0.6013999962806702,
            0.5913999938964843,
            0.593600001335144,
            0.6024000000953674,
            0.603199999332428,
            0.6043999934196472,
            0.6101999950408935,
            0.5950000023841858,
            0.601800000667572
        ],
        [
            0.6209772455692292,
            0.6066000008583069,
            0.6035999941825867,
            0.5967999982833863,
            0.5751999926567077,
            0.600400002002716,
            0.6021999955177307,
            0.6101999950408935,
            0.6135999917984009,
            0.5990000081062317,
            0.6205999970436096,
            0.6201999950408935,
            0.6059999918937683,
            0.6192000007629395,
            0.6104000043869019,
            0.5890000057220459,
            0.6118000030517579,
            0.622000002861023,
            0.6153999996185303,
            0.6116000032424926,
            0.5921999931335449,
            0.6040000033378601,
            0.6227999997138977,
            0.6453999948501586,
            0.6582000041007996,
            0.6576000046730042,
            0.6554000020027161,
            0.6638000035285949,
            0.6553999972343445,
            0.6596000003814697,
            0.6692000007629395
        ],
        [
            0.6311073827743531,
            0.6219999980926514,
            0.6334000015258789,
            0.6187999939918518,
            0.6190000033378601,
            0.6471999979019165,
            0.6179999923706054,
            0.6354000067710877,
            0.6222000026702881,
            0.6165999913215637,
            0.6265999960899353,
            0.6357999992370605,
            0.6103999948501587,
            0.6284000015258789,
            0.6424000000953675,
            0.631199996471405,
            0.6372000002861022,
            0.6250000095367432,
            0.6423999953269959,
            0.6309999990463256,
            0.653199999332428,
            0.6518000054359436,
            0.6348000001907349,
            0.6346000051498413,
            0.6195999979972839,
            0.6460000014305115,
