{
    "params": {
        "states": 10,
        "symbols": 25
    },
    "mean_fitnesses": [
        [
            0.6835492968559265,
            0.6896000027656555,
            0.6656000018119812,
            0.6633999991416931,
            0.6751999974250793,
            0.6543999981880187,
            0.6665999984741211,
            0.6561999917030334,
            0.6642000031471252,
            0.6660000014305115,
            0.6789999961853027,
            0.6734000062942505,
            0.7023999977111817,
            0.6934000110626221,
            0.6898000073432923,
            0.6835999941825867,
            0.6639999985694885,
            0.6712000060081482,
            0.6729999971389771,
            0.6810000038146973,
            0.7041999959945678,
            0.6651999974250793,
            0.6832000041007995,
            0.678999993801117,
            0.6793999981880188,
            0.7077999973297119,
            0.6967999911308289,
            0.7198000073432922,
            0.7102000093460084,
            0.7118000054359436,
            0.6950000023841858
        ],
        [
            0.7539760422706604,
            0.7167999958992004,
            0.7054000043869019,
            0.726200008392334,
            0.7460000038146972,
            0.7399999880790711,
            0.7387999963760375,
            0.7391999959945679,
            0.7449999952316284,
            0.7374000072479248,
            0.717200002670288,
            0.751800000667572,
            0.7437999987602234,
            0.7525999975204468,
            0.7303999924659729,
            0.7345999979972839,
            0.7380000042915345,
            0.7299999952316284,
            0.7178000068664551,
            0.7326000022888184,
            0.7289999985694885,
            0.716200008392334,
            0.717400004863739,
            0.723600001335144,
            0.7055999970436097,
            0.6898000025749207,
            0.7165999913215637,
            0.7195999956130982,
            0.7119999957084656,
            0.7162000036239624,
            0.6990000009536743
        ],
        [
            0.678605580329895,
            0.6636000037193298,
            0.6597999978065491,
            0.6386000061035156,
            0.6377999997138977,
            0.6505999875068664,
            0.6189999985694885,
            0.5974000024795533,
            0.6168000030517579,
            0.6162000012397766,
            0.6064000082015991,
            0.6323999905586243,
            0.6403999972343445,
            0.60760000705719,
            0.6365999984741211,
            0.6418000030517578,
            0.6467999982833862,
            0.6433999896049499,
            0.6349999904632568,
            0.6338000059127807,
            0.6416000080108643,
            0.6357999968528748,
            0.639399995803833,
            0.6427999925613403,
            0.637999997138977,
            0.6354000043869018,
            0.6357999920845032,
            0.637400004863739,
            0.6371999907493592,
            0.6373999953269959,
            0.6328000116348267
        ],
        [
            0.6886191606521607,
            0.6771999979019165,
            0.6667999982833862,
            0.6347999954223633,
            0.625600004196167,
            0.6392000031471252,
            0.6077999997138978,
            0.6074000000953674,
            0.6165999960899353,
            0.6072000074386597,
            0.6207999992370605,
            0.5951999926567078,
            0.6222000050544739,
            0.6128000020980835,
            0.6188000011444091,
            0.6309999990463256,
            0.6308000040054321,
            0.624399995803833,
            0.638199999332428,
            0.6326000046730041,
            0.5984000015258789,
            0.6211999940872193,
            0.627599995136261,
            0.6330000114440918,
            0.6098000025749206,
            0.6109999990463257,
            0.6190000009536744,
            0.6551999926567078,
            0.6662000036239624,
            0.658799991607666,
            0.6801999974250793
        ],
        [
            0.7784742498397828,
            0.766800000667572,
            0.7633999991416931,
            0.7545999979972839,
            0.7607999920845032,
            0.7628000020980835,
            0.769199993610382,
            0.7832000064849853,
            0.7852000045776367,
            0.7844000101089478,
            0.7784000086784363,
            0.7848000025749207,
            0.7923999953269959,
            0.7822000074386597,
            0.783800003528595,
            0.7837999939918519,
            0.7896000003814697,
            0.7978000092506409,
            0.7710000014305115,
            0.7912000060081482,
            0.7727999973297119,
            0.772999997138977,
            0.7699999976158142,
            0.7637999963760376,
            0.7847999954223632,
            0.7825999999046326,
            0.7810000038146973,
            0.7819999933242798,
            0.7880000019073486,
            0.8,
            0.7922000050544739
        ],
        [
            0.7344678664207458,
            0.719400007724762,
            0.7042000150680542,
            0.7020000123977661,
            0.6998000025749207,
            0.7009999990463257,
            0.7157999968528748,
            0.7174000024795533,
            0.7246000099182129,
            0.7240000057220459,
            0.72,
            0.7101999998092652,
            0.7180000066757202,
            0.7222000098228455,
            0.7191999959945679,
            0.7245999979972839,
            0.712400004863739,
            0.7116000056266785,
            0.696200008392334,
            0.6930000019073487,
            0.7048000049591064,
            0.7073999905586242,
            0.7070000100135804,
            0.7002000045776368,
            0.7278000092506409,
            0.6972000002861023,
            0.6970000004768372,
            0.6743999934196472,
            0.6995999956130982,
            0.7051999974250793,
            0.6872000002861023
        ],
        [
            0.7159968113899231,
            0.6958000040054322,
            0.6855999946594238,
            0.6860000038146973,
            0.6878000044822693,
            0.6959999966621399,
            0.6987999987602234,
            0.6933999991416931,
            0.6996000051498413,
            0.7016000008583069,
            0.7088000059127808,
            0.7131999945640564,
            0.6995999979972839,
            0.7122000050544739,
            0.7185999989509583,
            0.7102000021934509,
            0.7146000051498413,
            0.7111999964714051,
            0.7054000067710876,
            0.7061999940872192,
            0.7181999945640564,
            0.7175999975204468,
            0.7078000116348266,
            0.7254000067710876,
            0.7270000052452087,
            0.7153999972343444,
            0.7314000034332275,
            0.7199999976158142,
            0.7381999945640564,
            0.718600013256073,
            0.7082000017166138
        ],
        [
            0.7525493025779724,
            0.7191999983787537,
            0.7123999977111817,
            0.7393999981880188,
            0.7396000003814698,
            0.7384000062942505,
            0.7280000042915344,
            0.716599988937378,
            0.7365999913215637,
            0.7284000039100647,
            0.7101999974250793,
            0.73260000705719,
            0.7446000027656555,
            0.7489999961853028,
            0.7577999973297119,
            0.7610000014305115,
            0.7462000036239624,
            0.7366000032424926,
            0.7390000057220459,
            0.7250000047683716,
            0.7428000068664551,
            0.7433999919891358,
            0.7455999946594238,
            0.7399999952316284,
            0.7398000025749206,
            0.733199999332428,
            0.7265999913215637,
