{
    "params": {
        "states": 5,
        "symbols": 10
    },
    "mean_fitnesses": [
        [
            0.7931157732009888,
            0.7757999992370606,
            0.7400000023841858,
            0.7242000031471253,
            0.7014000010490418,
            0.7016000080108643,
            0.6949999976158142,
            0.7073999977111817,
            0.7063999938964843,
            0.6797999930381775,
            0.6927999997138977,
            0.7145999908447266,
            0.7096000027656555,
            0.7174000072479249,
            0.7008000063896179,
            0.7012000036239624,
            0.6968000078201294,
            0.6992000007629394,
            0.6867999982833862,
            0.7006000018119812,
            0.7119999980926514,
            0.6878000020980835,
            0.7065999937057496,
            0.692599995136261,
            0.6803999972343445,
            0.6854000043869019,
            0.6966000056266785,
            0.6840000033378602,
            0.7080000042915344,
            0.6835999965667725,
            0.7196000099182129
        ],
        [
            0.8423441123962402,
            0.8035999965667725,
            0.7757999968528747,
            0.7672000050544738,
            0.7683999967575074,
            0.747999997138977,
            0.7399999976158143,
            0.731200008392334,
            0.7333999967575073,
            0.7605999994277954,
            0.7116000008583069,
            0.7162000036239624,
            0.7079999899864197,
            0.7192000031471253,
            0.7217999982833863,
            0.7146000027656555,
            0.7079999971389771,
            0.7017999958992004,
            0.6998000121116639,
            0.7148000001907349,
            0.7228000140190125,
            0.7022000074386596,
            0.6985999989509583,
            0.7112000012397766,
            0.7233999943733216,
            0.7147999978065491,
            0.6996000075340271,
            0.6891999936103821,
            0.7182000017166138,
            0.7152000045776368,
            0.7217999982833863
        ],
        [
            0.7790654706954956,
            0.7144000053405761,
            0.7185999941825867,
            0.6994000029563904,
            0.6935999941825867,
            0.7189999938011169,
            0.6890000009536743,
            0.698999993801117,
            0.7216000008583069,
            0.7102000045776368,
            0.7118000078201294,
            0.7058000040054321,
            0.7117999911308288,
            0.7177999997138977,
            0.6935999965667725,
            0.6816000008583069,
            0.696000006198883,
            0.6751999998092652,
            0.6776000022888183,
            0.6711999988555908,
            0.6907999968528747,
            0.6843999934196472,
            0.6982000017166138,
            0.6881999969482422,
            0.6948000025749207,
            0.6886000013351441,
            0.7180000042915344,
            0.6937999987602234,
            0.7033999872207641,
            0.6901999998092652,
            0.7060000014305114
        ],
        [
            0.7886311388015748,
            0.757400004863739,
            0.7452000069618225,
            0.7696000051498413,
            0.7710000038146972,
            0.7742000007629395,
            0.7384000086784362,
            0.7433999991416931,
            0.7448000025749206,
            0.7486000037193299,
            0.741199996471405,
            0.7548000025749206,
            0.749799997806549,
            0.7336000037193299,
            0.716200008392334,
            0.7242000031471253,
            0.7253999996185303,
            0.7296000003814698,
            0.7336000061035156,
            0.7203999972343444,
            0.7243999934196472,
            0.7212000012397766,
            0.7114000034332275,
            0.7031999993324279,
            0.7107999992370605,
            0.7100000023841858,
            0.7033999991416932,
            0.7175999903678894,
            0.7037999987602234,
            0.6865999984741211,
            0.6950000023841858
        ],
        [
            0.8185548901557922,
            0.7825999999046326,
            0.7660000038146972,
            0.7544000029563904,
            0.7449999976158143,
            0.7314000010490418,
            0.7403999924659729,
            0.7316000008583069,
            0.739799997806549,
            0.733800003528595,
            0.73,
            0.7375999975204468,
            0.7320000004768371,
            0.7043999958038331,
            0.7226000022888184,
            0.7220000052452087,
            0.7101999950408936,
            0.7259999966621399,
            0.7150000023841858,
            0.7218000054359436,
            0.7194000029563904,
            0.7098000001907349,
            0.7081999945640564,
            0.7126000046730041,
            0.7146000027656555,
            0.7369999957084655,
            0.7388000011444091,
            0.735600004196167,
            0.7249999952316284,
            0.7143999981880188,
            0.7142000007629394
        ],
        [
            0.8808750486373902,
            0.8193999934196472,
            0.8287999963760376,
            0.7924000000953675,
            0.7444000029563904,
            0.7401999974250794,
            0.7562000012397766,
            0.7398000073432922,
            0.7501999902725219,
            0.7559999966621399,
            0.7298000001907349,
            0.7489999961853028,
            0.7432000088691711,
            0.7520000004768371,
            0.7340000009536743,
            0.7076000022888184,
            0.7473999977111816,
            0.7227999997138977,
            0.7252000045776367,
            0.7457999992370605,
            0.7306000065803527,
            0.7322000050544739,
            0.7328000092506408,
            0.7326000022888184,
            0.7362000036239624,
            0.7314000082015991,
            0.7374000024795532,
            0.734200005531311,
            0.7413999962806702,
            0.7302000069618225,
            0.7231999969482422
        ],
        [
            0.8249153685569763,
            0.8015999984741211,
            0.7792000007629395,
            0.774399995803833,
            0.7695999932289124,
            0.7685999870300293,
            0.7685999989509582,
            0.7771999979019165,
            0.7693999981880189,
            0.7641999959945679,
            0.759399995803833,
            0.7577999949455261,
            0.7610000085830688,
            0.7317999982833863,
            0.7546000003814697,
            0.7505999946594238,
            0.7416000056266785,
            0.7313999986648559,
            0.7599999952316284,
            0.759599997997284,
            0.7402000069618225,
            0.7404000067710876,
            0.736800000667572,
            0.7396000051498413,
            0.7276000094413757,
            0.7246000003814698,
            0.743199999332428,
            0.7348000001907349,
            0.748800003528595,
            0.727599995136261,
            0.7423999977111816
        ],
        [
            0.8241145730018615,
            0.747999997138977,
            0.7467999935150147,
            0.7422000002861023,
            0.7563999938964844,
            0.7609999990463256,
            0.7434000015258789,
            0.746399998664856,
            0.7264000010490418,
            0.7078000044822693,
            0.700400002002716,
            0.7170000004768372,
            0.7115999960899353,
            0.7045999979972839,
            0.7275999999046325,
            0.7268000030517578,
            0.7157999897003173,
            0.7118000030517578,
            0.7235999965667724,
            0.7117999935150147,
            0.7236000061035156,
            0.7196000003814698,
            0.7178000068664551,
            0.7151999998092652,
            0.7103999972343444,
            0.7157999992370605,
