{
    "params": {
        "states": 5,
        "symbols": 5
    },
    "mean_fitnesses": [
        [
            0.8881237483024598,
            0.8745999979972839,
            0.8305999994277954,
            0.8137999987602234,
            0.8016000056266784,
            0.7990000057220459,
            0.7904000020027161,
            0.7783999991416931,
            0.782000002861023,
            0.782599995136261,
            0.776999990940094,
            0.7782000017166137,
            0.7544000124931336,
            0.741800000667572,
            0.7420000076293946,
            0.7319999957084655,
            0.7482000017166137,
            0.7551999950408935,
            0.7525999999046326,
            0.7316000056266785,
            0.7454000067710876,
            0.7321999955177307,
            0.7416000032424926,
            0.7296000027656555,
            0.7364000010490418,
            0.7379999995231629,
            0.7468000030517579,
            0.7208000087738037,
            0.7027999973297119,
            0.7071999955177307,
            0.7103999996185303
        ],
        [
            0.7675010013580322,
            0.733600001335144,
            0.7299999976158142,
            0.7277999973297119,
            0.7336000037193299,
            0.7284000039100647,
            0.7332000017166138,
            0.7255999946594238,
            0.716199996471405,
            0.7120000076293945,
            0.727000002861023,
            0.7296000003814698,
            0.7037999963760376,
            0.7190000009536743,
            0.7352000021934509,
            0.7410000014305115,
            0.7357999944686889,
            0.7256000018119813,
            0.7294000005722046,
            0.7178000020980835,
            0.7100000047683716,
            0.7209999990463257,
            0.6722000002861023,
            0.6817999958992005,
            0.6769999980926513,
            0.6884000039100647,
            0.6784000086784363,
            0.6809999942779541,
            0.689200005531311,
            0.6742000031471252,
            0.6928000020980835
        ],
        [
            0.7667109787464141,
            0.6790000152587891,
            0.5979999947547913,
            0.5966000032424926,
            0.5778000044822693,
            0.5567999935150146,
            0.5681999993324279,
            0.5749999952316284,
            0.6027999997138977,
            0.6147999954223633,
            0.5836000061035156,
            0.5579999923706055,
            0.5386000180244446,
            0.538999993801117,
            0.5548000049591064,
            0.5659999895095825,
            0.5498000001907348,
            0.5618000054359436,
            0.5642000031471253,
            0.5561999940872192,
            0.5732000029087067,
            0.5470000028610229,
            0.5304000020027161,
            0.5549999952316285,
            0.5589999961853027,
            0.5554000020027161,
            0.5593999981880188,
            0.5506000018119812,
            0.5463999938964844,
            0.5303999996185302,
            0.543799991607666
        ],
        [
            0.769146912097931,
            0.7549999976158142,
            0.7437999939918518,
            0.7255999946594238,
            0.7250000023841858,
            0.6955999994277954,
            0.6828000020980834,
            0.6926000046730042,
            0.6948000001907348,
            0.6724000000953674,
            0.6880000019073487,
            0.6917999958992005,
            0.698600001335144,
            0.6939999890327454,
            0.6942000007629394,
            0.6862000012397766,
            0.7073999977111817,
            0.6940000033378602,
            0.6874000000953674,
            0.6755999946594238,
            0.6801999974250793,
            0.6702000045776367,
            0.6832000017166138,
            0.6685999894142151,
            0.6715999960899353,
            0.6843999981880188,
            0.6818000102043151,
            0.6816000008583069,
            0.6727999997138977,
            0.6762000012397766,
            0.6774000024795532
        ],
        [
            0.7158734476566315,
            0.672199993133545,
            0.6052000069618225,
            0.5976000022888184,
            0.5973999881744385,
            0.5799999928474426,
            0.5840000081062316,
            0.5851999998092652,
            0.5768000030517578,
            0.5826000118255615,
            0.5711999940872192,
            0.593600001335144,
            0.5830000019073487,
            0.58,
            0.5859999990463257,
            0.5712000060081482,
            0.5711999988555908,
            0.5686000061035156,
            0.5600000071525574,
            0.5802000069618225,
            0.5933999967575073,
            0.5763999986648559,
            0.5760000038146973,
            0.5909999966621399,
            0.5846000099182129,
            0.5847999978065491,
            0.5780000066757203,
            0.5615999937057495,
            0.5599999976158142,
            0.5698000037670136,
            0.570600004196167
        ],
        [
            0.7583101844787598,
            0.7074000024795533,
            0.6776000022888183,
            0.6699999976158142,
            0.6248000025749206,
            0.5615999937057495,
            0.5948000001907349,
            0.6010000073909759,
            0.5987999939918518,
            0.6016000008583069,
            0.6007999944686889,
            0.6139999961853028,
            0.5849999976158142,
            0.6037999987602234,
            0.5874000000953674,
            0.6202000045776367,
            0.5989999961853028,
            0.6170000052452087,
            0.5992000031471253,
            0.6229999947547913,
            0.6198000025749206,
            0.6198000001907349,
            0.6206000006198883,
            0.6166000032424926,
            0.6210000038146972,
            0.6103999996185303,
            0.6110000085830688,
            0.593199999332428,
            0.5862000036239624,
            0.5796000051498413,
            0.5737999987602234
        ],
        [
            0.7342862343788147,
            0.6547999906539917,
            0.6094000005722046,
            0.6718000042438507,
            0.6508000040054321,
            0.6341999959945679,
            0.6176000022888184,
            0.6432000041007996,
            0.6157999944686889,
            0.6065999960899353,
            0.5648000049591064,
            0.5619999980926513,
            0.512199991941452,
            0.5443999969959259,
            0.5235999977588653,
            0.5518000030517578,
            0.5319999957084656,
            0.5429999935626983,
            0.5417999994754791,
            0.5481999957561493,
            0.5499999976158142,
            0.547799997329712,
            0.5424000036716461,
            0.5526000022888183,
            0.5478000020980835,
            0.5556000018119812,
            0.5460000014305115,
            0.5577999937534333,
            0.5333999955654144,
            0.5279999923706055,
            0.5438000011444092
        ],
        [
            0.8020890283584595,
            0.7665999984741211,
            0.7701999998092651,
            0.7640000033378601,
            0.7254000091552735,
            0.711000006198883,
            0.7250000023841858,
            0.6914000010490418,
            0.6977999997138977,
            0.6836000013351441,
            0.6732000017166138,
            0.665799994468689,
            0.6625999927520752,
            0.6612000060081482,
            0.658000009059906,
            0.653199999332428,
            0.6447999930381775,
            0.6499999904632568,
            0.6401999974250794,
            0.6245999979972839,
            0.6301999974250794,
            0.625999994277954,
            0.6373999953269959,
            0.6264000082015991,
            0.6326000022888184,
            0.6078000092506408,
