{
    "params": {
        "states": 25,
        "symbols": 25
    },
    "mean_fitnesses": [
        [
            0.6639373254776001,
            0.6537999963760376,
            0.6429999995231629,
            0.622999997138977,
            0.6163999938964844,
            0.6014000010490418,
            0.6273999977111816,
            0.623199999332428,
            0.6145999956130982,
            0.6416000103950501,
            0.6442000055313111,
            0.6283999991416931,
            0.6417999935150146,
            0.6412000036239625,
            0.6378000020980835,
            0.6427999997138977,
            0.6283999991416931,
            0.6289999985694885,
            0.639399995803833,
            0.6450000047683716,
            0.6506000018119812,
            0.6379999995231629,
            0.6545999932289124,
            0.6603999972343445,
            0.6665999913215637,
            0.6554000043869018,
            0.6519999980926514,
            0.6530000019073486,
            0.6576000022888183,
            0.644599997997284,
            0.6510000109672547
        ],
        [
            0.6501053881645202,
            0.6277999925613403,
            0.6367999935150146,
            0.6355999994277954,
            0.6139999914169312,
            0.6329999923706054,
            0.6440000009536743,
            0.6357999968528748,
            0.648800003528595,
            0.6422000050544738,
            0.629799997806549,
            0.6439999985694885,
            0.6292000007629395,
            0.6325999999046326,
            0.6452000069618226,
            0.6159999966621399,
            0.63420001745224,
            0.650600004196167,
            0.6623999953269959,
            0.6725999999046326,
            0.6585999989509582,
            0.6666000080108643,
            0.6620000028610229,
            0.6853999948501587,
            0.6699999952316285,
            0.6920000004768372,
            0.6753999996185303,
            0.6861999917030335,
            0.6805999970436096,
            0.6880000019073487,
            0.7105999922752381
        ],
        [
            0.5985720551013947,
            0.5615999960899353,
            0.5627999985218048,
            0.5648000025749207,
            0.5610000002384186,
            0.5531999921798706,
            0.5421999979019165,
            0.5753999972343444,
            0.5801999998092652,
            0.5893999934196472,
            0.6006000113487243,
            0.5963999986648559,
            0.6000000023841858,
            0.5922000050544739,
            0.5737999987602234,
            0.572200002670288,
            0.5761999893188476,
            0.6058000087738037,
            0.6076000094413757,
            0.6003999972343445,
            0.6135999917984009,
            0.6454000020027161,
            0.6381999921798706,
            0.6344000005722046,
            0.6311999940872193,
            0.6462000036239623,
            0.6483999943733215,
            0.6425999927520752,
            0.6425999975204468,
            0.6588000011444092,
            0.6296000027656555
        ],
        [
            0.6340834355354309,
            0.6194000053405762,
            0.6014000058174134,
            0.6095999979972839,
            0.6101999974250794,
            0.6221999955177308,
            0.6153999900817871,
            0.6275999903678894,
            0.6201999998092651,
            0.6264000034332275,
            0.648199999332428,
            0.6345999908447265,
            0.6382000064849853,
            0.6213999938964844,
            0.6221999931335449,
            0.6425999999046326,
            0.6600000119209289,
            0.6510000014305115,
            0.6282000017166137,
            0.6359999942779541,
            0.644199993610382,
            0.6412000012397766,
            0.64,
            0.6172000002861023,
            0.6377999877929688,
            0.6450000023841858,
            0.6373999953269959,
            0.6350000047683716,
            0.6483999967575074,
            0.6482000017166137,
            0.6344000005722046
        ],
        [
            0.643168466091156,
            0.6287999963760376,
            0.6280000042915345,
            0.6135999989509583,
            0.6283999967575074,
            0.6208000040054321,
            0.635,
            0.6227999925613403,
            0.592999997138977,
            0.6153999972343445,
            0.6307999920845032,
            0.626999990940094,
            0.6331999969482421,
            0.6347999930381775,
            0.630600004196167,
            0.6361999940872193,
            0.630799994468689,
            0.6380000042915345,
            0.6342000055313111,
            0.6300000071525573,
            0.6271999979019165,
            0.6365999937057495,
            0.6327999901771545,
            0.6186000037193299,
            0.6422000050544738,
            0.6491999983787536,
            0.6508000063896179,
            0.6537999987602234,
            0.6414000010490417,
            0.6455999946594239,
            0.6389999961853028
        ],
        [
            0.6337800407409668,
            0.611399998664856,
            0.6191999983787536,
            0.61760000705719,
            0.604800009727478,
            0.6035999965667724,
            0.6261999869346618,
            0.6081999945640564,
            0.6281999945640564,
            0.6031999969482422,
            0.6266000008583069,
            0.6150000047683716,
            0.6274000000953674,
            0.6345999932289124,
            0.6286000037193298,
            0.6283999919891358,
            0.6314000058174133,
            0.6263999962806701,
            0.6288000059127807,
            0.6451999998092651,
            0.6284000086784363,
            0.635200002193451,
            0.6322000026702881,
            0.6381999897956848,
            0.6235999941825867,
            0.6146000075340271,
            0.6214000010490417,
            0.6128000092506408,
            0.6336000037193298,
            0.6260000014305115,
            0.6457999992370606
        ],
        [
            0.6441568899154663,
            0.6317999982833862,
            0.6222000074386597,
            0.6126000046730041,
            0.637599995136261,
            0.6382000017166137,
            0.6253999996185303,
            0.638199999332428,
            0.6370000076293946,
            0.6341999912261963,
            0.6400000047683716,
            0.6440000033378601,
            0.6328000020980835,
            0.6396000003814697,
            0.6453999948501586,
            0.6468000030517578,
            0.6339999985694885,
            0.6560000014305115,
            0.6503999948501586,
            0.6466000032424927,
            0.6576000022888183,
            0.655599992275238,
            0.6465999984741211,
            0.6419999957084656,
            0.650600004196167,
            0.6572000026702881,
            0.645200002193451,
            0.6547999954223633,
            0.6622000026702881,
            0.6431999945640564,
            0.6492000007629395
        ],
        [
            0.6203983998298646,
            0.6204000067710876,
            0.6178000044822692,
            0.6092000031471252,
            0.6240000009536744,
            0.6207999920845032,
            0.6344000053405762,
            0.6341999959945679,
            0.6377999973297119,
            0.6282000041007996,
            0.6403999948501586,
            0.6353999924659729,
            0.6322000026702881,
            0.6343999981880188,
            0.6346000003814697,
            0.6285999989509583,
            0.6303999996185303,
            0.648400011062622,
            0.6480000042915344,
            0.6335999989509582,
            0.6433999991416931,
            0.6549999976158142,
            0.6512000060081482,
            0.6353999972343445,
            0.6389999961853028,
            0.6441999959945679,
            0.6394000005722046,
