{
    "params": {
        "states": 25,
        "symbols": 5
    },
    "mean_fitnesses": [
        [
            0.5805608749389648,
            0.5522000050544739,
            0.5557999956607819,
            0.5477999997138977,
            0.5223999941349029,
            0.5383999943733215,
            0.5451999998092651,
            0.575,
            0.5794000005722046,
            0.5705999970436096,
            0.5313999950885773,
            0.5814000010490418,
            0.5690000021457672,
            0.581800000667572,
            0.5789999985694885,
            0.5763999962806702,
            0.5859999990463257,
            0.5576000022888183,
            0.5803999948501587,
            0.5636000061035156,
            0.5536000037193298,
            0.5710000038146973,
            0.572199993133545,
            0.5735999965667724,
            0.5714000034332275,
            0.5601999998092652,
            0.5647999978065491,
            0.5569999957084656,
            0.5643999910354615,
            0.5752000069618225,
            0.5670000004768372
        ],
        [
            0.567275048494339,
            0.5332000029087066,
            0.5317999935150146,
            0.5201999926567078,
            0.49860000133514404,
            0.5202000081539154,
            0.5405999898910523,
            0.5219999969005584,
            0.5183999967575074,
            0.5645999979972839,
            0.5212000000476837,
            0.4950000011920929,
            0.5271999967098236,
            0.5351999974250794,
            0.5390000057220459,
            0.5397999906539916,
            0.5531999969482422,
            0.5485999941825866,
            0.5484000015258789,
            0.5488000023365021,
            0.5320000076293945,
            0.5557999992370606,
            0.5373999989032745,
            0.5625999903678894,
            0.5476000010967255,
            0.5520000004768372,
            0.5540000033378601,
            0.5436000061035157,
            0.5508000040054322,
            0.5434000015258789,
            0.5511999988555908
        ],
        [
            0.6491017961502075,
            0.6066000032424926,
            0.593800003528595,
            0.557199993133545,
            0.5388000011444092,
            0.5741999959945678,
            0.5717999982833862,
            0.5586000013351441,
            0.5539999890327454,
            0.5499999976158142,
            0.5680000019073487,
            0.5521999990940094,
            0.5321999931335449,
            0.5351999986171723,
            0.5377999949455261,
            0.5485999941825866,
            0.5697999954223633,
            0.5866000008583069,
            0.5712000036239624,
            0.5752000021934509,
            0.5848000001907349,
            0.5597999954223633,
            0.5854000043869019,
            0.5723999953269958,
            0.5683999967575073,
            0.5629999971389771,
            0.5681999993324279,
            0.5581999969482422,
            0.5568000054359437,
            0.5594000005722046,
            0.5628000020980835
        ],
        [
            0.6282307410240173,
            0.5997999930381774,
            0.5735999965667724,
            0.5383999943733215,
            0.5201999962329864,
            0.5089999914169312,
            0.508199999332428,
            0.5167999982833862,
            0.5246000003814697,
            0.5360000014305115,
            0.5208000004291534,
            0.49419999718666074,
            0.5131999933719635,
            0.5079999959468842,
            0.5385999917984009,
            0.5317999935150146,
            0.5321999883651733,
            0.5359999930858612,
            0.5406000053882599,
            0.5253999996185302,
            0.5193999946117401,
            0.5237999939918518,
            0.5316000032424927,
            0.5378000068664551,
            0.5521999907493591,
            0.5400000023841858,
            0.5162000012397766,
            0.5101999950408935,
            0.5383999967575073,
            0.5248000061511994,
            0.5326000010967255
        ],
        [
            0.6437516975402832,
            0.5969999933242798,
            0.5957999920845032,
            0.5862000036239624,
            0.5901999974250793,
            0.5538000071048736,
            0.5587999975681305,
            0.5797999978065491,
            0.5766000020503997,
            0.5614000034332275,
            0.5747999906539917,
            0.5660000026226044,
            0.5617999958992005,
            0.5808000040054321,
            0.5851999998092652,
            0.5749999952316284,
            0.577400004863739,
            0.5898000073432922,
            0.5936000037193299,
            0.5939999985694885,
            0.5835999894142151,
            0.589200005531311,
            0.5816000080108643,
            0.5542000091075897,
            0.5533999919891357,
            0.5581999945640564,
            0.5611999988555908,
            0.5683999967575073,
            0.5681999993324279,
            0.5601999986171723,
            0.5591999959945678
        ],
        [
            0.6990522956848144,
            0.6809999990463257,
            0.6699999976158142,
            0.6519999957084656,
            0.6517999958992005,
            0.6583999991416931,
            0.6575999927520751,
            0.6629999947547912,
            0.648999993801117,
            0.6474000024795532,
            0.650600004196167,
            0.6586000013351441,
            0.6616000008583068,
            0.6899999952316285,
            0.6691999959945679,
            0.6643999981880188,
            0.6529999995231628,
            0.6825999975204468,
            0.6622000122070313,
            0.6731999969482422,
            0.6670000028610229,
            0.669599997997284,
            0.6593999934196472,
            0.6713999962806702,
            0.6798000049591064,
            0.6583999991416931,
            0.657999997138977,
            0.6720000028610229,
            0.655,
            0.6465999984741211,
            0.6687999963760376
        ],
        [
            0.6201832318305969,
            0.5929999947547913,
            0.5951999926567078,
            0.5629999947547912,
            0.5721999979019166,
            0.5536000037193298,
            0.5427999889850617,
            0.5850000047683716,
            0.5809999966621399,
            0.5683999991416931,
            0.5486000037193298,
            0.5612000060081482,
            0.5681999969482422,
            0.5682000017166138,
            0.580799994468689,
            0.5800000023841858,
            0.5635999989509582,
            0.5625999999046326,
            0.5316000032424927,
            0.5424000072479248,
            0.558999993801117,
            0.56,
            0.5338000011444092,
            0.5615999984741211,
            0.5726000022888184,
            0.5659999966621398,
            0.5501999962329864,
            0.589399995803833,
            0.5751999974250793,
            0.5806000018119812,
            0.5867999982833862
        ],
        [
            0.6120690608024597,
            0.5861999893188476,
            0.553999993801117,
            0.5286000061035157,
            0.5487999963760376,
            0.5137999951839447,
            0.5350000023841858,
            0.5253999948501586,
            0.5235999965667725,
            0.5335999977588654,
            0.5305999970436096,
            0.5373999953269959,
            0.5243999993801117,
            0.5293999981880187,
            0.5290000057220459,
            0.5167999947071076,
            0.5223999941349029,
            0.52,
            0.5373999977111816,
            0.532799997329712,
            0.5305999982357025,
            0.5468000030517578,
            0.5418000006675721,
            0.543999993801117,
            0.5411999988555908,
            0.5464000058174133,
            0.5571999979019165,
