{
    "params": {
        "states": 5,
        "symbols": 25
    },
    "mean_fitnesses": [
        [
            0.7642079877853394,
            0.7560000038146972,
            0.730400002002716,
            0.7381999945640564,
            0.731200008392334,
            0.7425999999046325,
            0.7418000102043152,
            0.7442000102996826,
            0.7515999984741211,
            0.7289999985694885,
            0.7361999988555908,
            0.737400004863739,
            0.728600001335144,
            0.7361999988555908,
            0.7286000061035156,
            0.7465999984741211,
            0.7317999982833863,
            0.7384000062942505,
            0.7189999985694885,
            0.7327999997138978,
            0.7323999905586243,
            0.7324000072479248,
            0.7162000107765197,
            0.708600001335144,
            0.7161999940872192,
            0.7212000036239624,
            0.7336000037193299,
            0.7121999979019165,
            0.7389999961853028,
            0.7228000092506409,
            0.7457999992370605
        ],
        [
            0.7663373303413391,
            0.767599995136261,
            0.765,
            0.7135999917984008,
            0.7272000002861023,
            0.7545999979972839,
            0.7535999965667725,
            0.763600001335144,
            0.7622000026702881,
            0.7559999990463256,
            0.7617999982833862,
            0.7488000059127807,
            0.748199999332428,
            0.7277999949455262,
            0.7091999983787537,
            0.6992000079154969,
            0.717999997138977,
            0.7539999961853028,
            0.7185999989509583,
            0.7328000020980835,
            0.7209999942779541,
            0.7362000060081482,
            0.7266000008583069,
            0.7404000067710876,
            0.7344000029563904,
            0.7318000054359436,
            0.723199999332428,
            0.7350000023841858,
            0.7305999970436097,
            0.7268000054359436,
            0.7272000002861023
        ],
        [
            0.7832670688629151,
            0.7740000081062317,
            0.7631999921798706,
            0.7525999975204468,
            0.7383999943733215,
            0.7164000010490418,
            0.7082000041007995,
            0.7062000107765197,
            0.7018000078201294,
            0.71260000705719,
            0.7352000093460083,
            0.7384000039100647,
            0.7407999920845032,
            0.738600001335144,
            0.7410000014305115,
            0.7412000036239624,
            0.7385999989509583,
            0.7258000016212464,
            0.7303999948501587,
            0.7344000053405761,
            0.7370000052452087,
            0.732999997138977,
            0.7410000085830688,
            0.742000002861023,
            0.7225999999046325,
            0.7183999943733216,
            0.7276000022888184,
            0.7405999994277954,
            0.7491999983787536,
            0.7401999974250794,
            0.7237999987602234
        ],
        [
            0.794528534412384,
            0.7880000019073486,
            0.7371999883651733,
            0.7535999941825867,
            0.7575999999046326,
            0.7594000029563904,
            0.7485999941825867,
            0.7395999979972839,
            0.72260000705719,
            0.7422000026702881,
            0.7307999920845032,
            0.741800000667572,
            0.7500000023841857,
            0.7574000024795532,
            0.755200002193451,
            0.7514000010490417,
            0.7374000024795532,
            0.7316000008583069,
            0.7284000062942505,
            0.7287999987602234,
            0.7281999969482422,
            0.7244000029563904,
            0.7365999913215637,
            0.7322000050544739,
            0.7299999928474427,
            0.7259999990463257,
            0.7262000012397766,
            0.7293999981880188,
            0.7186000108718872,
            0.7225999951362609,
            0.7241999936103821
        ],
        [
            0.8406139779090881,
            0.8014000010490417,
            0.8034000015258789,
            0.8088000011444092,
            0.777599995136261,
            0.7899999952316284,
            0.8207999992370606,
            0.8230000019073487,
            0.829200005531311,
            0.8029999971389771,
            0.777799997329712,
            0.7858000016212463,
            0.8126000022888183,
            0.8151999950408936,
            0.7791999983787536,
            0.7809999990463257,
            0.7874000048637391,
            0.7976000094413758,
            0.7737999963760376,
            0.7958000063896179,
            0.7943999981880188,
            0.7935999941825866,
            0.8115999984741211,
            0.7875999999046326,
            0.7888000011444092,
            0.7860000038146973,
            0.7830000019073486,
            0.7906000089645385,
            0.7877999925613404,
            0.7822000002861023,
            0.7843999934196472
        ],
        [
            0.7796874260902404,
            0.7677999925613403,
            0.7552000045776367,
            0.7551999974250794,
            0.7437999939918518,
            0.7760000014305115,
            0.7657999968528748,
            0.7625999999046326,
            0.7747999882698059,
            0.7712000012397766,
            0.7792000007629395,
            0.7580000019073486,
            0.766399998664856,
            0.7550000047683716,
            0.7825999975204467,
            0.7541999912261963,
            0.7605999946594239,
            0.7524000000953674,
            0.7685999989509582,
            0.7551999998092651,
            0.7459999966621399,
            0.7517999911308288,
            0.759399995803833,
            0.7547999954223633,
            0.7690000057220459,
            0.7554000043869018,
            0.7537999963760376,
            0.7519999957084655,
            0.7501999998092651,
            0.7533999991416931,
            0.7633999991416931
        ],
        [
            0.8274235486984253,
            0.808999993801117,
            0.7776000046730042,
            0.7790000009536743,
            0.7769999933242798,
            0.7607999920845032,
            0.7882000041007996,
            0.7843999981880188,
            0.7775999903678894,
            0.767400004863739,
            0.7745999956130981,
            0.7692000055313111,
            0.7606000089645386,
            0.7843999934196472,
            0.7630000042915345,
            0.7564000082015991,
            0.7582000017166137,
            0.7788000011444092,
            0.7725999975204467,
            0.783199999332428,
            0.7666000032424927,
            0.7875999999046326,
            0.782999997138977,
            0.7904000067710877,
            0.7861999917030335,
            0.7867999935150146,
            0.7831999945640564,
            0.7794000005722046,
            0.7870000028610229,
            0.7903999948501587,
            0.7748000025749207
        ],
        [
            0.8062786412239075,
            0.7970000004768372,
            0.8122000050544739,
            0.8201999974250793,
            0.8017999982833862,
            0.7945999956130981,
            0.7947999930381775,
            0.764399995803833,
            0.7898000001907348,
            0.8122000050544739,
            0.8144000053405762,
            0.7960000014305115,
            0.7909999942779541,
            0.8024000000953674,
            0.7605999946594239,
            0.7880000019073486,
            0.7722000026702881,
            0.7904000043869018,
            0.7785999941825866,
            0.7694000053405762,
            0.7819999980926514,
            0.7843999981880188,
            0.785600004196167,
            0.7843999934196472,
            0.7892000007629395,
            0.7775999927520751,
