{
    "params": {
        "states": 3,
        "symbols": 10
    },
    "mean_fitnesses": [
        [
            0.94035728931427,
            0.9255999946594238,
            0.9320000052452088,
            0.9431999945640563,
            0.9356000018119812,
            0.9330000019073487,
            0.9238000082969665,
            0.9243999981880188,
            0.9212000036239624,
            0.9027999901771545,
            0.8993999981880187,
            0.8940000009536743,
            0.8966000056266785,
            0.8848000025749206,
            0.8946000027656555,
            0.8783999991416931,
            0.8815999913215637,
            0.8692000007629395,
            0.8642000031471252,
            0.8716000032424926,
            0.8555999946594238,
            0.8651999998092651,
            0.8795999932289124,
            0.8602000021934509,
            0.8694000029563904,
            0.8761999988555909,
            0.8650000047683716,
            0.8675999975204468,
            0.8754000043869019,
            0.8809999942779541,
            0.8594000005722046
        ],
        [
            0.843340117931366,
            0.7950000023841858,
            0.772599995136261,
            0.7534000086784363,
            0.7232000064849854,
            0.6607999992370606,
            0.6630000019073486,
            0.6881999921798706,
            0.6794000005722046,
            0.6662000036239624,
            0.6638000011444092,
            0.6754000020027161,
            0.6615999960899352,
            0.6670000028610229,
            0.6609999895095825,
            0.6635999917984009,
            0.6705999946594239,
            0.6715999913215637,
            0.6838000011444092,
            0.6665999984741211,
            0.6720000004768372,
            0.6659999966621399,
            0.6732000088691712,
            0.6795999956130981,
            0.6848000049591064,
            0.6758000016212463,
            0.662599995136261,
            0.6615999960899352,
            0.6627999925613404,
            0.6590000033378601,
            0.6566000032424927
        ],
        [
            0.8776335334777832,
            0.8333999991416932,
            0.7810000061988831,
            0.7961999988555908,
            0.7729999947547913,
            0.8059999918937684,
            0.7691999912261963,
            0.7693999981880189,
            0.778400001525879,
            0.775200011730194,
            0.7715999984741211,
            0.7748000001907349,
            0.7712000083923339,
            0.7737999963760376,
            0.7701999998092651,
            0.7749999952316284,
            0.7463999962806702,
            0.7714000034332276,
            0.741399998664856,
            0.7189999961853027,
            0.7046000027656555,
            0.7253999876976013,
            0.749400007724762,
            0.7430000066757202,
            0.7422000026702881,
            0.7486000061035156,
            0.7392000031471252,
            0.727400004863739,
            0.7467999958992004,
            0.7364000034332275,
            0.7635999941825866
        ],
        [
            0.8215704607963562,
            0.7823999905586243,
            0.7607999992370605,
            0.755,
            0.7145999956130982,
            0.7044000029563904,
            0.6770000028610229,
            0.6665999984741211,
            0.6578000044822693,
            0.679599997997284,
            0.656199996471405,
            0.6214000010490417,
            0.6177999997138977,
            0.619199993610382,
            0.6228000020980835,
            0.6278000044822692,
            0.6217999958992004,
            0.6146000003814698,
            0.5910000038146973,
            0.6123999953269958,
            0.5912000060081481,
            0.6199999952316284,
            0.6138000011444091,
            0.5903999996185303,
            0.5897999942302704,
            0.597000002861023,
            0.5983999979496002,
            0.5991999983787537,
            0.6007999968528748,
            0.5890000033378601,
            0.6003999972343445
        ],
        [
            0.8090047860145568,
            0.7341999912261963,
            0.7435999965667724,
            0.7153999924659729,
            0.7269999957084656,
            0.7283999991416931,
            0.7154000043869019,
            0.7059999966621399,
            0.6981999969482422,
            0.6942000031471253,
            0.6773999929428101,
            0.6776000022888183,
            0.6688000011444092,
            0.6915999984741211,
            0.6792000079154968,
            0.689200005531311,
            0.6721999955177307,
            0.6666000056266784,
            0.645,
            0.6802000021934509,
            0.6833999991416931,
            0.6860000014305114,
            0.6843999981880188,
            0.6807999992370606,
            0.6760000014305114,
            0.6703999996185303,
            0.6815999984741211,
            0.6639999961853027,
            0.6804000091552734,
            0.6574000024795532,
            0.6736000013351441
        ],
        [
            0.8642854285240174,
            0.8478000092506409,
            0.8307999992370605,
            0.8228000020980835,
            0.829400007724762,
            0.8184000015258789,
            0.8141999959945678,
            0.7964000034332276,
            0.7832000064849853,
            0.7975999999046326,
            0.7820000052452087,
            0.7658000016212463,
            0.7721999955177307,
            0.7685999941825866,
            0.7600000119209289,
            0.7415999984741211,
            0.7415999889373779,
            0.7444000005722046,
            0.7432000041007996,
            0.7521999907493592,
            0.7508000040054321,
            0.7597999930381775,
            0.7635999941825866,
            0.7549999976158142,
            0.7376000046730041,
            0.7371999979019165,
            0.7353999948501587,
            0.7454000020027161,
            0.7611999988555909,
            0.7426000046730041,
            0.7437999987602234
        ],
        [
            0.8843477058410645,
            0.8799999976158142,
            0.8375999975204468,
            0.8304000043869019,
            0.8139999961853027,
            0.8092000079154968,
            0.8196000027656555,
            0.8035999917984009,
            0.8075999999046326,
            0.8207999992370606,
            0.8085999965667725,
            0.8134000015258789,
            0.8010000038146973,
            0.7951999974250793,
            0.7800000023841858,
            0.7940000057220459,
            0.788199999332428,
            0.7617999982833862,
            0.7673999977111816,
            0.7482000041007996,
            0.7590000033378601,
            0.7372000050544739,
            0.7600000071525573,
            0.7339999938011169,
            0.7379999995231629,
            0.7252000117301941,
            0.7117999935150147,
            0.7264000058174134,
            0.7207999992370605,
            0.7261999940872192,
            0.708799991607666
        ],
        [
            0.8862487053871155,
            0.8522000002861023,
            0.8256000018119812,
            0.8301999998092652,
            0.8240000057220459,
            0.8193999981880188,
            0.8119999980926513,
            0.8134000015258789,
            0.8159999918937683,
            0.8029999947547912,
            0.8158000016212463,
            0.7866000008583068,
            0.7941999983787537,
            0.8002000045776367,
            0.7982000017166138,
            0.8095999956130981,
            0.8007999968528747,
            0.7901999950408936,
            0.7961999988555908,
            0.792400004863739,
            0.7795999956130981,
            0.8068000054359437,
            0.8100000023841858,
            0.8031999945640564,
            0.7994000077247619,
            0.7881999969482422,
