{
    "params": {
        "states": 3,
        "symbols": 25
    },
    "mean_fitnesses": [
        [
            0.884281439781189,
            0.8681999969482422,
            0.8686000037193299,
            0.8609999895095826,
            0.8657999992370605,
            0.8688000011444091,
            0.8660000061988831,
            0.8598000001907349,
            0.8621999955177307,
            0.8677999997138977,
            0.8648000025749206,
            0.8552000045776367,
            0.859799997806549,
            0.8552000045776367,
            0.8562000036239624,
            0.8348000001907349,
            0.8489999985694885,
            0.8416000103950501,
            0.8292000031471253,
            0.8301999974250793,
            0.8328000020980835,
            0.8301999926567077,
            0.8246000003814697,
            0.8210000085830689,
            0.8189999985694886,
            0.8153999972343445,
            0.8442000079154969,
            0.840400002002716,
            0.8436000084877014,
            0.8339999914169312,
            0.8074000120162964
        ],
        [
            0.8086598825454712,
            0.7959999966621399,
            0.751800000667572,
            0.7354000043869019,
            0.7755999994277955,
            0.8035999894142151,
            0.8180000066757203,
            0.8181999969482422,
            0.7880000042915344,
            0.8003999996185303,
            0.7981999945640564,
            0.7979999947547912,
            0.7800000023841858,
            0.7697999930381775,
            0.7842000031471252,
            0.7883999967575073,
            0.7860000085830688,
            0.7796000027656556,
            0.7725999999046326,
            0.7676000022888183,
            0.7598000001907349,
            0.7592000031471252,
            0.7480000019073486,
            0.7697999954223633,
            0.7578000068664551,
            0.7771999883651733,
            0.7455999898910523,
            0.7687999939918518,
            0.7540000081062317,
            0.759199993610382,
            0.7514000058174133
        ],
        [
            0.8666830348968506,
            0.8512000012397766,
            0.8557999968528748,
            0.8405999994277954,
            0.8223999977111817,
            0.8148000025749207,
            0.8294000053405761,
            0.8382000017166138,
            0.8398000001907349,
            0.8353999972343444,
            0.8244000005722046,
            0.8175999999046326,
            0.8334000015258789,
            0.8341999959945678,
            0.8366000032424927,
            0.8305999946594238,
            0.8441999936103821,
            0.8375999999046325,
            0.8262000012397767,
            0.8161999988555908,
            0.8212000036239624,
            0.8225999975204468,
            0.8302000021934509,
            0.8333999943733216,
            0.8363999938964843,
            0.831999990940094,
            0.8362000060081481,
            0.8261999964714051,
            0.8158000016212463,
            0.8210000038146973,
            0.8214000010490418
        ],
        [
            0.8694726538658142,
            0.8519999933242798,
            0.8409999990463257,
            0.8156000089645385,
            0.8253999972343444,
            0.8207999992370606,
            0.8074000024795532,
            0.8105999946594238,
            0.8159999990463257,
            0.8061999988555908,
            0.8027999997138977,
            0.8044000029563904,
            0.8053999972343445,
            0.7827999997138977,
            0.7902000045776367,
            0.7715999913215638,
            0.7793999981880187,
            0.775799994468689,
            0.7892000031471252,
            0.785,
            0.7989999985694886,
            0.8123999977111817,
            0.7937999939918519,
            0.8065999937057495,
            0.8095999956130981,
            0.7912000060081482,
            0.8017999911308289,
            0.778999993801117,
            0.7972000026702881,
            0.8010000014305114,
            0.8053999948501587
        ],
        [
            0.877932939529419,
            0.8579999995231629,
            0.8501999974250793,
            0.8262000012397767,
            0.8311999964714051,
            0.8148000001907348,
            0.8291999959945678,
            0.8233999991416932,
            0.8293999981880188,
            0.830400002002716,
            0.8266000056266785,
            0.8426000022888184,
            0.8328000116348266,
            0.8205999994277954,
            0.8151999974250793,
            0.8205999946594238,
            0.8283999991416932,
            0.8113999962806702,
            0.8257999992370606,
            0.8175999903678894,
            0.8187999939918518,
            0.8352000117301941,
            0.8181999969482422,
            0.8238000059127808,
            0.8234000062942505,
            0.826800000667572,
            0.820599992275238,
            0.8170000004768372,
            0.8249999976158142,
            0.8266000008583069,
            0.8099999928474426
        ],
        [
            0.851284635066986,
            0.7814000082015992,
            0.7678000020980835,
            0.7238000011444092,
            0.7422000074386597,
            0.7360000038146972,
            0.7341999959945679,
            0.7508000016212464,
            0.7428000020980835,
            0.7496000027656555,
            0.7340000033378601,
            0.7480000066757202,
            0.7499999976158143,
            0.7440000033378601,
            0.7625999927520752,
            0.7727999949455261,
            0.755200002193451,
            0.7588000011444092,
            0.7516000032424927,
            0.756199996471405,
            0.7441999983787536,
            0.7630000066757202,
            0.7603999972343445,
            0.7442000007629395,
            0.7399999976158143,
            0.7305999970436097,
            0.7310000038146973,
            0.7337999987602234,
            0.7475999999046326,
            0.7544000005722046,
            0.7415999984741211
        ],
        [
            0.8418371200561523,
            0.8304000043869019,
            0.8246000027656555,
            0.8289999961853027,
            0.8274000024795533,
            0.8130000019073487,
            0.7890000081062317,
            0.8232000064849854,
            0.8190000009536743,
            0.8047999978065491,
            0.8055999946594238,
            0.8135999941825867,
            0.8045999956130981,
            0.8116000080108643,
            0.8064000034332275,
            0.8115999984741211,
            0.8031999921798706,
            0.8042000031471253,
            0.7980000066757202,
            0.7959999990463257,
            0.8021999979019165,
            0.7899999904632569,
            0.7809999942779541,
            0.7805999994277955,
            0.7797999930381775,
            0.755799994468689,
            0.7739999985694885,
            0.7909999990463257,
            0.7948000049591064,
            0.775200002193451,
            0.805
        ],
        [
            0.8177405190467835,
            0.8092000007629394,
            0.8256000089645386,
            0.8181999921798706,
            0.8200000047683715,
            0.829200005531311,
            0.8151999998092652,
            0.8199999952316284,
            0.8191999983787537,
            0.8279999971389771,
            0.8231999993324279,
            0.8330000066757202,
            0.8124000024795532,
            0.7967999982833862,
            0.8162000107765198,
            0.8107999992370606,
            0.7969999980926513,
            0.7949999976158142,
            0.7879999971389771,
            0.788199999332428,
            0.7696000003814697,
            0.7585999894142151,
            0.7503999972343445,
            0.7762000036239624,
            0.7619999980926514,
            0.7534000015258789,
