{
    "params": {
        "states": 3,
        "symbols": 5
    },
    "mean_fitnesses": [
        [
            0.8623021960258483,
            0.8093999981880188,
            0.7843999981880188,
            0.7783999896049499,
            0.767599995136261,
            0.7385999941825867,
            0.7328000044822693,
            0.7560000014305115,
            0.7371999979019165,
            0.7129999971389771,
            0.7107999944686889,
            0.7022000050544739,
            0.6788000011444092,
            0.6898000025749207,
            0.6764000058174133,
            0.663199999332428,
            0.6622000074386597,
            0.6301999926567078,
            0.6330000019073486,
            0.6271999907493592,
            0.6297999930381775,
            0.6315999984741211,
            0.6477999949455261,
            0.6135999941825867,
            0.6032000064849854,
            0.6128000044822692,
            0.5850000023841858,
            0.6006000018119813,
            0.6231999921798707,
            0.6115999913215637,
            0.6179999995231629
        ],
        [
            0.8766203546524047,
            0.8294000029563904,
            0.8093999934196472,
            0.7963999938964844,
            0.814399995803833,
            0.8183999943733216,
            0.8117999982833862,
            0.7681999921798706,
            0.776800000667572,
            0.7937999963760376,
            0.7805999994277955,
            0.7681999969482421,
            0.7524000000953674,
            0.7605999946594239,
            0.7466000008583069,
            0.7515999913215637,
            0.7596000003814697,
            0.7464000034332275,
            0.7316000008583069,
            0.7527999997138977,
            0.7416000008583069,
            0.730400002002716,
            0.7540000081062317,
            0.7560000014305115,
            0.7266000008583069,
            0.7289999961853028,
            0.7306000018119811,
            0.7322000074386597,
            0.7227999997138977,
            0.7403999972343445,
            0.7352000021934509
        ],
        [
            0.8058167672157288,
            0.7191999983787537,
            0.677800008058548,
            0.6358000028133393,
            0.606199996471405,
            0.5716000032424927,
            0.5574000012874604,
            0.558600002527237,
            0.5196000027656555,
            0.5435999989509582,
            0.5108000063896179,
            0.5341999912261963,
            0.5339999866485595,
            0.5399999952316284,
            0.5598000001907348,
            0.5411999952793122,
            0.5527999949455261,
            0.5544000053405762,
            0.5245999932289124,
            0.5242000091075897,
            0.5205999982357025,
            0.5050000059604645,
            0.5200000035762787,
            0.5129999935626983,
            0.5177999997138977,
            0.5166000008583069,
            0.5148000025749206,
            0.5037999975681305,
            0.4910000038146973,
            0.5025999987125397,
            0.5423999905586243
        ],
        [
            0.8635089802742004,
            0.8159999966621398,
            0.8286000037193298,
            0.7698000025749206,
            0.7596000099182129,
            0.7440000033378601,
            0.7280000042915344,
            0.7154000043869019,
            0.7050000023841858,
            0.7065999913215637,
            0.702200002670288,
            0.6881999945640564,
            0.6892000031471253,
            0.7118000030517578,
            0.7105999970436097,
            0.6874000000953674,
            0.6896000003814697,
            0.6803999972343445,
            0.6958000016212463,
            0.698600001335144,
            0.6809999966621398,
            0.681000006198883,
            0.6949999928474426,
            0.6881999993324279,
            0.6583999943733215,
            0.6770000004768372,
            0.6746000003814697,
            0.6771999955177307,
            0.6700000071525574,
            0.6811999964714051,
            0.6467999982833862
        ],
        [
            0.8574454998970031,
            0.8134000039100647,
            0.7773999977111816,
            0.721000006198883,
            0.6664000034332276,
            0.6651999974250793,
            0.7059999942779541,
            0.6608000016212463,
            0.6756000018119812,
            0.6812000060081482,
            0.6777999949455261,
            0.6431999945640564,
            0.652599995136261,
            0.6672000074386597,
            0.6479999995231629,
            0.6730000042915344,
            0.6676000022888183,
            0.6613999938964844,
            0.6459999942779541,
            0.6455999946594239,
            0.6403999996185302,
            0.6316000008583069,
            0.6448000001907349,
            0.6436000013351441,
            0.650600004196167,
            0.6441999983787536,
            0.6462000060081482,
            0.6477999901771545,
            0.6570000076293945,
            0.6659999990463257,
            0.6455999994277954
        ],
        [
            0.9027656674385071,
            0.8710000014305115,
            0.7996000003814697,
            0.7976000070571899,
            0.7526000046730041,
            0.7620000052452087,
            0.736800000667572,
            0.6722000098228454,
            0.6565999937057495,
            0.6387999963760376,
            0.6431999945640564,
            0.6129999995231629,
            0.6215999937057495,
            0.6080000042915344,
            0.6161999917030334,
            0.6179999923706054,
            0.5987999963760376,
            0.6010000038146973,
            0.5764000010490418,
            0.6059999990463257,
            0.5884000039100648,
            0.6205999946594238,
            0.6138000011444091,
            0.5879999995231628,
            0.5760000085830689,
            0.5361999976634979,
            0.5383999931812287,
            0.5687999951839448,
            0.5542000019550324,
            0.5328000020980835,
            0.545800005197525
        ],
        [
            0.9162459087371826,
            0.8660000014305115,
            0.849199984073639,
            0.8235999989509583,
            0.7949999976158142,
            0.7572000002861023,
            0.7503999972343445,
            0.7222000098228455,
            0.7517999982833863,
            0.7084000039100647,
            0.6879999995231628,
            0.7111999893188476,
            0.6654000020027161,
            0.6612000012397766,
            0.6582000017166137,
            0.6591999983787536,
            0.6544000029563903,
            0.6502000045776367,
            0.6625999975204467,
            0.6626000070571899,
            0.6361999893188477,
            0.6371999931335449,
            0.6205999994277954,
            0.6174000000953674,
            0.6169999980926514,
            0.5948000001907349,
            0.5963999938964843,
            0.5729999971389771,
            0.5892000079154969,
            0.5885999989509583,
            0.6004000043869019
        ],
        [
            0.9103349280357361,
            0.893400001525879,
            0.9142000007629395,
            0.9035999965667725,
            0.8965999889373779,
            0.8887999987602234,
            0.8684000015258789,
            0.8640000081062317,
            0.8604000043869019,
            0.8391999959945678,
            0.8374000072479248,
            0.8229999971389771,
            0.8269999980926513,
            0.8219999980926513,
            0.8183999919891357,
            0.8122000074386597,
            0.8179999971389771,
            0.821800000667572,
            0.8169999980926513,
            0.8154000043869019,
            0.8209999990463257,
            0.8114000010490418,
            0.7954000020027161,
            0.7994000029563904,
            0.7986000108718873,
            0.7890000009536743,
