{
    "params": {
        "states": 3,
        "symbols": 3
    },
    "mean_fitnesses": [
        [
            0.8257676613330841,
            0.7773999953269959,
            0.723800003528595,
            0.5796000039577485,
            0.5945999991893768,
            0.5829999971389771,
            0.565399992465973,
            0.5522000002861023,
            0.5794000053405761,
            0.5691999983787537,
            0.5502000045776367,
            0.5674000024795532,
            0.5339999961853027,
            0.5334000015258789,
            0.5379999995231628,
            0.5189999985694885,
            0.5165999937057495,
            0.5244000005722046,
            0.5275999987125397,
            0.5171999990940094,
            0.5209999942779541,
            0.5403999960422516,
            0.5307999992370606,
            0.5353999972343445,
            0.5143999993801117,
            0.5251999998092651,
            0.5329999935626983,
            0.5141999959945679,
            0.5196000063419342,
            0.5003999948501587,
            0.5154000031948089
        ],
        [
            0.7453401184082031,
            0.6894000053405762,
            0.6542000079154968,
            0.6808000040054322,
            0.6487999987602234,
            0.6516000008583069,
            0.6553999996185302,
            0.6653999972343445,
            0.6546000003814697,
            0.6569999957084656,
            0.6626000070571899,
            0.6390000081062317,
            0.6503999924659729,
            0.6558000111579895,
            0.6599999928474426,
            0.6659999942779541,
            0.6563999962806701,
            0.685600004196167,
            0.6699999952316285,
            0.6323999977111816,
            0.6278000020980835,
            0.6310000085830688,
            0.6423999977111816,
            0.6351999998092651,
            0.6132000017166138,
            0.5948000025749206,
            0.6447999954223633,
            0.6438000011444092,
            0.6288000011444091,
            0.6263999962806701,
            0.6279999947547913
        ],
        [
            0.7360103809833527,
            0.6700000047683716,
            0.6615999960899352,
            0.6387999987602234,
            0.6509999990463257,
            0.637599995136261,
            0.6444000029563903,
            0.6255999875068664,
            0.6125999999046325,
            0.6140000009536744,
            0.621399998664856,
            0.6068000030517579,
            0.6077999973297119,
            0.6180000042915345,
            0.6151999974250794,
            0.597400004863739,
            0.6043999934196472,
            0.6320000052452087,
            0.6199999976158143,
            0.6455999994277954,
            0.637000002861023,
            0.6304000091552734,
            0.6294000029563904,
            0.6295999956130981,
            0.6258000040054321,
            0.612999997138977,
            0.6180000019073486,
            0.6328000068664551,
            0.627999997138977,
            0.5967999982833863,
            0.6472000050544738
        ],
        [
            0.8142039906978608,
            0.8253999972343444,
            0.8142000031471253,
            0.79739999294281,
            0.7668000030517578,
            0.7388000106811523,
            0.7200000023841858,
            0.712200002670288,
            0.7009999942779541,
            0.7047999978065491,
            0.7024000000953674,
            0.668999993801117,
            0.6528000044822693,
            0.6328000068664551,
            0.6321999979019165,
            0.6053999972343445,
            0.6245999979972839,
            0.6492000031471252,
            0.6269999980926514,
            0.6082000041007996,
            0.6070000123977661,
            0.6059999966621399,
            0.5841999983787537,
            0.5709999966621399,
            0.5397999954223632,
            0.5430000007152558,
            0.5392000007629395,
            0.5136000049114228,
            0.5104000008106232,
            0.5150000011920929,
            0.5021999979019165
        ],
        [
            0.8297065877914429,
            0.7943999981880188,
            0.7833999967575074,
            0.7619999980926514,
            0.730400002002716,
            0.7369999861717225,
            0.7231999969482422,
            0.7220000004768372,
            0.7078000068664551,
            0.7172000050544739,
            0.723199999332428,
            0.7074000024795533,
            0.6890000033378602,
            0.6984000015258789,
            0.7126000094413757,
            0.6833999991416931,
            0.6665999960899353,
            0.6724000000953674,
            0.6625999999046326,
            0.6561999940872192,
            0.6480000042915344,
            0.6436000037193298,
            0.644800009727478,
            0.6422000026702881,
            0.6313999938964844,
            0.6494000029563903,
            0.6368000078201294,
            0.6409999966621399,
            0.6520000004768371,
            0.6451999974250794,
            0.6339999985694885
        ],
        [
            0.7751756489276886,
            0.7286000072956085,
            0.6537999939918518,
            0.6177999973297119,
            0.5806000053882598,
            0.6037999963760377,
            0.5755999994277954,
            0.5759999966621399,
            0.542400004863739,
            0.596599999666214,
            0.5757999992370606,
            0.5608000004291535,
            0.581999990940094,
            0.58,
            0.5691999959945678,
            0.5784000015258789,
            0.5922000050544739,
            0.5720000052452088,
            0.5600000071525574,
            0.5599999976158142,
            0.5890000033378601,
            0.5695999979972839,
            0.5776000022888184,
            0.5633999967575073,
            0.5857999992370605,
            0.5851999974250793,
            0.5762000036239624,
            0.5521999955177307,
            0.5869999980926514,
            0.5765999984741211,
            0.5723999977111817
        ],
        [
            0.7528279423713684,
            0.6597999978065491,
            0.6183999967575073,
            0.5697999894618988,
            0.530600004196167,
            0.5058000040054321,
            0.5431999969482422,
            0.5035999965667725,
            0.5034000039100647,
            0.5272000062465668,
            0.5276000010967254,
            0.5202000033855438,
            0.5239999961853027,
            0.5189999938011169,
            0.5163999962806701,
            0.5225999999046326,
            0.5320000052452087,
            0.5255999970436096,
            0.5125999927520752,
            0.525199990272522,
            0.5609999942779541,
            0.5707999992370606,
            0.5514000034332276,
            0.547799996137619,
            0.5215999984741211,
            0.5273999941349029,
            0.5341999959945679,
            0.5246000003814697,
            0.5073999965190887,
            0.5079999959468842,
            0.5063999998569488
        ],
        [
            0.7366658663749694,
            0.6431999969482421,
            0.5625999975204468,
            0.5870000052452088,
            0.5722000050544739,
            0.5734000015258789,
            0.5494000029563904,
            0.5870000076293945,
            0.5825999903678895,
            0.5978000020980835,
            0.5994000029563904,
            0.594200005531311,
            0.5717999958992004,
            0.5652000081539154,
            0.5372000026702881,
            0.5474000024795532,
            0.5525999999046326,
            0.5559999895095825,
            0.5728000044822693,
            0.5729999899864197,
            0.6013999938964844,
            0.5683999991416931,
            0.5752000021934509,
            0.540400003194809,
            0.5556000018119812,
            0.5379999959468842,
